DROP TABLE IF EXISTS orderItems;
DROP TABLE IF EXISTS orders;
DROP TABLE IF EXISTS inventoryItems;
DROP TABLE IF EXISTS buyers;
DROP TABLE IF EXISTS sellers;
DROP TABLE IF EXISTS users;
DROP TABLE IF EXISTS books;

-- --- CREATE TABLES (Revised for 1:N Seller:Inventory) --- --


CREATE TABLE books (
    bookId BIGINT PRIMARY KEY,
    isbn VARCHAR(255),
    title VARCHAR(255) NOT NULL,
    grade INT,
    newPrice FLOAT,
    usedPrice FLOAT,
    costPrice FLOAT
);

CREATE TABLE users (
    userId BIGINT PRIMARY KEY,
    userUUID VARCHAR(255) NOT NULL UNIQUE,
    firstName VARCHAR(255) NOT NULL,
    lastName VARCHAR(255) NOT NULL,
    type TINYINT,
    email VARCHAR(255),
    cellphone VARCHAR(255),
    marketing TINYINT
);

CREATE TABLE buyers (
    buyerId BIGINT PRIMARY KEY,
    buyerUUID VARCHAR(255) NOT NULL UNIQUE,
    userId BIGINT NOT NULL UNIQUE,
    FOREIGN KEY (userId) REFERENCES users(userId) ON DELETE CASCADE ON UPDATE CASCADE
);

-- Sellers table links to Users (1:1 specialization)
CREATE TABLE sellers (
    sellerId BIGINT PRIMARY KEY,
    sellerUUID VARCHAR(255) NOT NULL UNIQUE,
    userId BIGINT NOT NULL UNIQUE,
    -- inventoryItemId FK removed from here
    FOREIGN KEY (userId) REFERENCES users(userId) ON DELETE CASCADE ON UPDATE CASCADE
);

-- InventoryItems table links to Books and Sellers
CREATE TABLE inventoryItems (
    inventoryItemId BIGINT PRIMARY KEY,
    inventoryItemUUID VARCHAR(255) NOT NULL UNIQUE,
    bookId BIGINT NOT NULL,
    sellerId BIGINT NOT NULL, -- Foreign key linking to the seller
    FOREIGN KEY (bookId) REFERENCES books(bookId) ON DELETE RESTRICT ON UPDATE CASCADE,
    FOREIGN KEY (sellerId) REFERENCES sellers(sellerId) ON DELETE RESTRICT ON UPDATE CASCADE -- New FK
);


CREATE TABLE orders (
    orderId BIGINT PRIMARY KEY,
    orderUUID VARCHAR(255) NOT NULL UNIQUE,
    buyerId BIGINT NOT NULL, -- Link order to a specific buyer
    date DATE,
    location VARCHAR(255), -- Shipping Address
    FOREIGN KEY (buyerId) REFERENCES buyers(buyerId) ON DELETE RESTRICT ON UPDATE CASCADE
);

CREATE TABLE orderItems (
    orderItemsId BIGINT PRIMARY KEY,
    orderId BIGINT NOT NULL,
    inventoryItemId BIGINT NOT NULL,
    quantity INT NOT NULL,
    FOREIGN KEY (orderId) REFERENCES orders(orderId) ON DELETE CASCADE ON UPDATE CASCADE,
    FOREIGN KEY (inventoryItemId) REFERENCES inventoryItems(inventoryItemId) ON DELETE RESTRICT ON UPDATE CASCADE
);
        
-- --- INSERT DATA (Revised) --- --

INSERT INTO BOOKS (bookId, isbn, title, grade, newPrice, usedPrice, costPrice) VALUES (1, '978-0-9700768-8-5', 'Synergistic asynchronous projection', 10, 122.19, 97.75200000000001, 78.20160000000001);
INSERT INTO BOOKS (bookId, isbn, title, grade, newPrice, usedPrice, costPrice) VALUES (2, '978-1-5159-0550-9', 'Enterprise-wide composite hierarchy', 9, 291.32, 233.056, 82.5);
INSERT INTO BOOKS (bookId, isbn, title, grade, newPrice, usedPrice, costPrice) VALUES (3, '978-1-74777-838-4', 'Enterprise-wide homogeneous ability', 10, 385.63, 304.89, 42.6);
INSERT INTO BOOKS (bookId, isbn, title, grade, newPrice, usedPrice, costPrice) VALUES (4, '978-1-965771-12-9', 'Business-focused global concept', 5, 444.48, 240.2, 192.16);
INSERT INTO BOOKS (bookId, isbn, title, grade, newPrice, usedPrice, costPrice) VALUES (5, '978-0-9812528-5-8', 'Multi-tiered radical concept', 12, 90.74, 72.592, 58.0736);
INSERT INTO BOOKS (bookId, isbn, title, grade, newPrice, usedPrice, costPrice) VALUES (6, '978-1-916885-89-9', 'Operative bandwidth-monitored open system', 6, 225.58, 180.46400000000003, 144.37120000000002);
INSERT INTO BOOKS (bookId, isbn, title, grade, newPrice, usedPrice, costPrice) VALUES (7, '978-0-87091-304-4', 'Assimilated discrete forecast', 10, 491.57, 280.16, 125.73);
INSERT INTO BOOKS (bookId, isbn, title, grade, newPrice, usedPrice, costPrice) VALUES (8, '978-0-85361-413-5', 'Upgradable impactful capability', 6, 327.2, 261.76, 209.40800000000002);
INSERT INTO BOOKS (bookId, isbn, title, grade, newPrice, usedPrice, costPrice) VALUES (9, '978-1-223-34412-6', 'Monitored human-resource customer loyalty', 9, 169.6, 115.26, 92.20800000000001);
INSERT INTO BOOKS (bookId, isbn, title, grade, newPrice, usedPrice, costPrice) VALUES (10, '978-0-7821-3504-6', 'Reverse-engineered responsive alliance', 5, 322.5, 87.95, 70.36);
INSERT INTO BOOKS (bookId, isbn, title, grade, newPrice, usedPrice, costPrice) VALUES (11, '978-1-79645-573-1', 'Synergistic motivating hardware', 5, 226.87, 60.21, 48.168000000000006);
INSERT INTO BOOKS (bookId, isbn, title, grade, newPrice, usedPrice, costPrice) VALUES (12, '978-1-936792-74-0', 'Exclusive leadingedge project', 8, 56.5, 45.2, 36.160000000000004);
INSERT INTO BOOKS (bookId, isbn, title, grade, newPrice, usedPrice, costPrice) VALUES (13, '978-0-472-95702-6', 'Quality-focused well-modulated definition', 10, 298.66, 238.92800000000003, 191.14240000000004);
INSERT INTO BOOKS (bookId, isbn, title, grade, newPrice, usedPrice, costPrice) VALUES (14, '978-0-8155-8567-1', 'Multi-tiered intermediate frame', 8, 465.19, 264.14, 23.12);
INSERT INTO BOOKS (bookId, isbn, title, grade, newPrice, usedPrice, costPrice) VALUES (15, '978-1-5195-6904-2', 'Innovative fresh-thinking open architecture', 9, 449.35, 183.66, 146.928);
INSERT INTO BOOKS (bookId, isbn, title, grade, newPrice, usedPrice, costPrice) VALUES (16, '978-1-152-47041-5', 'Open-architected coherent focus group', 7, 424.93, 139.22, 111.376);
INSERT INTO BOOKS (bookId, isbn, title, grade, newPrice, usedPrice, costPrice) VALUES (17, '978-0-02-736368-5', 'Devolved optimal monitoring', 10, 331.24, 135.48, 108.384);
INSERT INTO BOOKS (bookId, isbn, title, grade, newPrice, usedPrice, costPrice) VALUES (18, '978-1-4721-0023-8', 'Down-sized fresh-thinking interface', 12, 370.24, 230.7, 145.43);
INSERT INTO BOOKS (bookId, isbn, title, grade, newPrice, usedPrice, costPrice) VALUES (19, '978-0-255-59264-2', 'Multi-layered motivating Internet solution', 11, 194.54, 155.632, 38.88);
INSERT INTO BOOKS (bookId, isbn, title, grade, newPrice, usedPrice, costPrice) VALUES (20, '978-1-4807-6266-4', 'Switchable directional algorithm', 2, 326.0, 207.42, 165.936);
INSERT INTO BOOKS (bookId, isbn, title, grade, newPrice, usedPrice, costPrice) VALUES (21, '978-0-9716954-1-2', 'Enhanced maximized focus group', 9, 464.78, 320.82, 194.68);
INSERT INTO BOOKS (bookId, isbn, title, grade, newPrice, usedPrice, costPrice) VALUES (22, '978-0-17-750949-0', 'Total scalable function', 4, 181.9, 111.3, 89.04);
INSERT INTO BOOKS (bookId, isbn, title, grade, newPrice, usedPrice, costPrice) VALUES (23, '978-0-569-48637-8', 'Open-architected national analyzer', 5, 364.59, 291.67199999999997, 218.7);
INSERT INTO BOOKS (bookId, isbn, title, grade, newPrice, usedPrice, costPrice) VALUES (24, '978-1-280-48467-4', 'Profit-focused logistical time-frame', 1, 333.6, 191.56, 153.24800000000002);
INSERT INTO BOOKS (bookId, isbn, title, grade, newPrice, usedPrice, costPrice) VALUES (25, '978-1-873689-50-9', 'Multi-tiered web-enabled functionalities', 7, 398.77, 136.89, 54.8);
INSERT INTO BOOKS (bookId, isbn, title, grade, newPrice, usedPrice, costPrice) VALUES (26, '978-1-176-17869-4', 'Fundamental coherent budgetary management', 8, 438.38, 56.81, 45.44800000000001);
INSERT INTO BOOKS (bookId, isbn, title, grade, newPrice, usedPrice, costPrice) VALUES (27, '978-0-17-456285-6', 'Focused content-based budgetary management', 1, 190.19, 152.15200000000002, 121.72160000000002);
INSERT INTO BOOKS (bookId, isbn, title, grade, newPrice, usedPrice, costPrice) VALUES (28, '978-1-931140-68-3', 'Fully-configurable 3rdgeneration access', 12, 211.14, 168.912, 135.1296);
INSERT INTO BOOKS (bookId, isbn, title, grade, newPrice, usedPrice, costPrice) VALUES (29, '978-1-136-01383-6', 'Decentralized maximized website', 12, 290.7, 66.87, 53.49600000000001);
INSERT INTO BOOKS (bookId, isbn, title, grade, newPrice, usedPrice, costPrice) VALUES (30, '978-1-109-51014-0', 'Future-proofed web-enabled structure', 2, 389.18, 174.12, 64.93);
INSERT INTO BOOKS (bookId, isbn, title, grade, newPrice, usedPrice, costPrice) VALUES (31, '978-1-75839-685-0', 'Face-to-face well-modulated website', 5, 280.46, 224.368, 167.48);
INSERT INTO BOOKS (bookId, isbn, title, grade, newPrice, usedPrice, costPrice) VALUES (32, '978-1-209-89261-0', 'Vision-oriented transitional archive', 4, 171.95, 137.56, 110.048);
INSERT INTO BOOKS (bookId, isbn, title, grade, newPrice, usedPrice, costPrice) VALUES (33, '978-1-06-931635-6', 'Re-engineered impactful analyzer', 7, 93.6, 74.88, 59.903999999999996);
INSERT INTO BOOKS (bookId, isbn, title, grade, newPrice, usedPrice, costPrice) VALUES (34, '978-1-57223-525-0', 'Ameliorated client-driven capability', 12, 50.7, 40.56, 32.448);
INSERT INTO BOOKS (bookId, isbn, title, grade, newPrice, usedPrice, costPrice) VALUES (35, '978-1-09-644221-9', 'Open-architected contextually-based adapter', 7, 497.94, 23.54, 18.832);
INSERT INTO BOOKS (bookId, isbn, title, grade, newPrice, usedPrice, costPrice) VALUES (36, '978-1-945360-74-9', 'Intuitive demand-driven portal', 2, 146.95, 117.56, 94.048);
INSERT INTO BOOKS (bookId, isbn, title, grade, newPrice, usedPrice, costPrice) VALUES (37, '978-0-426-21747-3', 'Open-architected optimal software', 6, 495.18, 26.63, 21.304000000000002);
INSERT INTO BOOKS (bookId, isbn, title, grade, newPrice, usedPrice, costPrice) VALUES (38, '978-0-08-945979-1', 'Sharable zero tolerance functionalities', 12, 206.63, 165.304, 22.89);
INSERT INTO BOOKS (bookId, isbn, title, grade, newPrice, usedPrice, costPrice) VALUES (39, '978-0-7414-5059-3', 'Profound tangible alliance', 1, 79.58, 63.664, 50.931200000000004);
INSERT INTO BOOKS (bookId, isbn, title, grade, newPrice, usedPrice, costPrice) VALUES (40, '978-0-7339-5119-0', 'Compatible asynchronous time-frame', 8, 79.38, 21.57, 17.256);
INSERT INTO BOOKS (bookId, isbn, title, grade, newPrice, usedPrice, costPrice) VALUES (41, '978-0-612-21831-4', 'Digitized asymmetric alliance', 2, 367.57, 96.25, 23.4);
INSERT INTO BOOKS (bookId, isbn, title, grade, newPrice, usedPrice, costPrice) VALUES (42, '978-1-81086-986-5', 'Re-engineered clear-thinking implementation', 5, 324.0, 259.2, 207.36);
INSERT INTO BOOKS (bookId, isbn, title, grade, newPrice, usedPrice, costPrice) VALUES (43, '978-0-7646-1408-8', 'Focused local knowledgebase', 11, 381.65, 91.86, 73.488);
INSERT INTO BOOKS (bookId, isbn, title, grade, newPrice, usedPrice, costPrice) VALUES (44, '978-1-57802-695-1', 'Open-source radical open architecture', 12, 355.92, 24.47, 19.576);
INSERT INTO BOOKS (bookId, isbn, title, grade, newPrice, usedPrice, costPrice) VALUES (45, '978-1-7394000-4-0', 'Innovative even-keeled toolset', 4, 173.99, 84.46, 67.568);
INSERT INTO BOOKS (bookId, isbn, title, grade, newPrice, usedPrice, costPrice) VALUES (46, '978-1-08-211679-7', 'Polarized impactful methodology', 6, 133.41, 106.72800000000001, 85.38240000000002);
INSERT INTO BOOKS (bookId, isbn, title, grade, newPrice, usedPrice, costPrice) VALUES (47, '978-0-251-52009-0', 'Managed next generation complexity', 4, 495.41, 174.59, 139.672);
INSERT INTO BOOKS (bookId, isbn, title, grade, newPrice, usedPrice, costPrice) VALUES (48, '978-0-653-20732-2', 'Integrated non-volatile middleware', 8, 379.53, 138.3, 110.64000000000001);
INSERT INTO BOOKS (bookId, isbn, title, grade, newPrice, usedPrice, costPrice) VALUES (49, '978-0-389-49507-9', 'Organic 24/7 knowledgebase', 5, 280.28, 148.32, 118.656);
INSERT INTO BOOKS (bookId, isbn, title, grade, newPrice, usedPrice, costPrice) VALUES (50, '978-1-74205-170-3', 'Total contextually-based capacity', 6, 420.91, 220.96, 176.76800000000003);
INSERT INTO BOOKS (bookId, isbn, title, grade, newPrice, usedPrice, costPrice) VALUES (51, '978-1-317-05850-2', 'Enhanced bifurcated moderator', 5, 296.0, 75.9, 60.720000000000006);
INSERT INTO BOOKS (bookId, isbn, title, grade, newPrice, usedPrice, costPrice) VALUES (52, '978-0-300-40435-7', 'Automated empowering knowledgebase', 2, 79.26, 63.40800000000001, 50.72640000000001);
INSERT INTO BOOKS (bookId, isbn, title, grade, newPrice, usedPrice, costPrice) VALUES (53, '978-1-376-20072-0', 'Monitored incremental task-force', 10, 123.86, 99.08800000000001, 79.27040000000001);
INSERT INTO BOOKS (bookId, isbn, title, grade, newPrice, usedPrice, costPrice) VALUES (54, '978-1-02-094078-1', 'Monitored context-sensitive complexity', 5, 234.43, 187.544, 150.0352);
INSERT INTO BOOKS (bookId, isbn, title, grade, newPrice, usedPrice, costPrice) VALUES (55, '978-0-9983187-1-4', 'User-centric contextually-based frame', 12, 196.76, 157.40800000000002, 125.92640000000002);
INSERT INTO BOOKS (bookId, isbn, title, grade, newPrice, usedPrice, costPrice) VALUES (56, '978-0-8474-2939-4', 'Networked impactful capacity', 8, 465.6, 319.26, 207.69);
INSERT INTO BOOKS (bookId, isbn, title, grade, newPrice, usedPrice, costPrice) VALUES (57, '978-1-64533-802-4', 'Quality-focused fault-tolerant throughput', 10, 60.16, 48.128, 38.5024);
INSERT INTO BOOKS (bookId, isbn, title, grade, newPrice, usedPrice, costPrice) VALUES (58, '978-1-76621-886-1', 'Secured radical attitude', 5, 90.36, 72.288, 52.11);
INSERT INTO BOOKS (bookId, isbn, title, grade, newPrice, usedPrice, costPrice) VALUES (59, '978-0-9716834-0-2', 'Visionary mission-critical conglomeration', 7, 128.95, 103.16, 82.528);
INSERT INTO BOOKS (bookId, isbn, title, grade, newPrice, usedPrice, costPrice) VALUES (60, '978-0-289-66224-3', 'Open-architected even-keeled attitude', 4, 94.68, 75.74400000000001, 60.59520000000001);
INSERT INTO BOOKS (bookId, isbn, title, grade, newPrice, usedPrice, costPrice) VALUES (61, '978-0-7667-4424-0', 'Function-based attitude-oriented concept', 3, 247.7, 156.44, 125.152);
INSERT INTO BOOKS (bookId, isbn, title, grade, newPrice, usedPrice, costPrice) VALUES (62, '978-0-7772-4796-9', 'Cloned leadingedge monitoring', 2, 368.18, 244.9, 195.92000000000002);
INSERT INTO BOOKS (bookId, isbn, title, grade, newPrice, usedPrice, costPrice) VALUES (63, '978-0-464-31563-6', 'Profit-focused value-added Graphical User Interface', 10, 154.76, 123.80799999999999, 54.29);
INSERT INTO BOOKS (bookId, isbn, title, grade, newPrice, usedPrice, costPrice) VALUES (64, '978-0-651-30658-4', 'Focused heuristic help-desk', 10, 117.83, 94.26400000000001, 50.35);
INSERT INTO BOOKS (bookId, isbn, title, grade, newPrice, usedPrice, costPrice) VALUES (65, '978-1-276-07065-2', 'Distributed zero-defect architecture', 4, 403.81, 323.048, 258.4384);
INSERT INTO BOOKS (bookId, isbn, title, grade, newPrice, usedPrice, costPrice) VALUES (66, '978-0-00-129269-7', 'Inverse system-worthy capability', 11, 262.12, 133.1, 106.48);
INSERT INTO BOOKS (bookId, isbn, title, grade, newPrice, usedPrice, costPrice) VALUES (67, '978-1-05-518987-2', 'Right-sized modular emulation', 10, 362.99, 62.94, 50.352000000000004);
INSERT INTO BOOKS (bookId, isbn, title, grade, newPrice, usedPrice, costPrice) VALUES (68, '978-0-88948-318-7', 'Optimized even-keeled infrastructure', 7, 277.44, 221.952, 51.8);
INSERT INTO BOOKS (bookId, isbn, title, grade, newPrice, usedPrice, costPrice) VALUES (69, '978-1-244-81979-5', 'Switchable 6thgeneration synergy', 11, 315.6, 88.19, 70.552);
INSERT INTO BOOKS (bookId, isbn, title, grade, newPrice, usedPrice, costPrice) VALUES (70, '978-1-4161-4323-9', 'Customer-focused client-driven alliance', 8, 86.76, 49.26, 26.97);
INSERT INTO BOOKS (bookId, isbn, title, grade, newPrice, usedPrice, costPrice) VALUES (71, '978-1-4326-8812-7', 'Grass-roots bandwidth-monitored matrix', 10, 216.56, 109.46, 19.44);
INSERT INTO BOOKS (bookId, isbn, title, grade, newPrice, usedPrice, costPrice) VALUES (72, '978-0-7036-9306-8', 'Robust holistic task-force', 11, 409.41, 164.69, 131.752);
INSERT INTO BOOKS (bookId, isbn, title, grade, newPrice, usedPrice, costPrice) VALUES (73, '978-1-4664-8855-7', 'Configurable zero administration emulation', 9, 469.3, 335.27, 174.87);
INSERT INTO BOOKS (bookId, isbn, title, grade, newPrice, usedPrice, costPrice) VALUES (74, '978-0-611-40887-7', 'Future-proofed needs-based architecture', 12, 457.77, 109.0, 87.2);
INSERT INTO BOOKS (bookId, isbn, title, grade, newPrice, usedPrice, costPrice) VALUES (75, '978-1-77175-718-8', 'Stand-alone even-keeled secured line', 10, 219.76, 175.808, 122.81);
INSERT INTO BOOKS (bookId, isbn, title, grade, newPrice, usedPrice, costPrice) VALUES (76, '978-0-260-80584-3', 'Devolved asymmetric intranet', 1, 91.97, 73.57600000000001, 58.86080000000001);
INSERT INTO BOOKS (bookId, isbn, title, grade, newPrice, usedPrice, costPrice) VALUES (77, '978-1-251-17372-9', 'Distributed multi-tasking hub', 7, 450.8, 318.86, 72.53);
INSERT INTO BOOKS (bookId, isbn, title, grade, newPrice, usedPrice, costPrice) VALUES (78, '978-0-488-10051-5', 'Business-focused exuding adapter', 2, 292.2, 233.76, 86.3);
INSERT INTO BOOKS (bookId, isbn, title, grade, newPrice, usedPrice, costPrice) VALUES (79, '978-1-61855-977-7', 'Optional systematic projection', 11, 481.36, 365.9, 71.96);
INSERT INTO BOOKS (bookId, isbn, title, grade, newPrice, usedPrice, costPrice) VALUES (80, '978-1-279-92960-5', 'Public-key multi-tasking toolset', 3, 350.5, 88.4, 70.72000000000001);
INSERT INTO BOOKS (bookId, isbn, title, grade, newPrice, usedPrice, costPrice) VALUES (81, '978-0-13-433905-4', 'Business-focused modular middleware', 10, 147.63, 118.104, 94.48320000000001);
INSERT INTO BOOKS (bookId, isbn, title, grade, newPrice, usedPrice, costPrice) VALUES (82, '978-0-689-39836-0', 'Switchable well-modulated hierarchy', 12, 353.5, 88.53, 70.824);
INSERT INTO BOOKS (bookId, isbn, title, grade, newPrice, usedPrice, costPrice) VALUES (83, '978-0-287-87010-7', 'Secured radical ability', 1, 174.41, 139.528, 111.6224);
INSERT INTO BOOKS (bookId, isbn, title, grade, newPrice, usedPrice, costPrice) VALUES (84, '978-0-598-24395-9', 'Proactive bottom-line Local Area Network', 8, 480.69, 24.96, 19.968000000000004);
INSERT INTO BOOKS (bookId, isbn, title, grade, newPrice, usedPrice, costPrice) VALUES (85, '978-1-4220-7625-5', 'Multi-layered human-resource contingency', 8, 497.61, 67.46, 53.967999999999996);
INSERT INTO BOOKS (bookId, isbn, title, grade, newPrice, usedPrice, costPrice) VALUES (86, '978-1-393-55543-8', 'Upgradable regional core', 8, 122.7, 98.16000000000001, 78.52800000000002);
INSERT INTO BOOKS (bookId, isbn, title, grade, newPrice, usedPrice, costPrice) VALUES (87, '978-1-894543-17-0', 'Focused empowering leverage', 2, 404.59, 252.26, 190.79);
INSERT INTO BOOKS (bookId, isbn, title, grade, newPrice, usedPrice, costPrice) VALUES (88, '978-0-311-58740-7', 'Focused well-modulated monitoring', 7, 262.78, 28.25, 22.6);
INSERT INTO BOOKS (bookId, isbn, title, grade, newPrice, usedPrice, costPrice) VALUES (89, '978-0-327-59172-6', 'Profound composite data-warehouse', 6, 416.92, 29.19, 23.352000000000004);
INSERT INTO BOOKS (bookId, isbn, title, grade, newPrice, usedPrice, costPrice) VALUES (90, '978-1-237-81553-7', 'Exclusive fault-tolerant support', 12, 302.54, 150.88, 120.70400000000001);
INSERT INTO BOOKS (bookId, isbn, title, grade, newPrice, usedPrice, costPrice) VALUES (91, '978-0-699-28869-9', 'Re-engineered real-time parallelism', 8, 124.68, 99.74400000000001, 79.79520000000002);
INSERT INTO BOOKS (bookId, isbn, title, grade, newPrice, usedPrice, costPrice) VALUES (92, '978-0-377-28095-3', 'Devolved object-oriented collaboration', 8, 261.41, 209.12800000000004, 162.93);
INSERT INTO BOOKS (bookId, isbn, title, grade, newPrice, usedPrice, costPrice) VALUES (93, '978-0-9845252-7-0', 'Multi-layered secondary product', 8, 447.93, 229.36, 183.48800000000003);
INSERT INTO BOOKS (bookId, isbn, title, grade, newPrice, usedPrice, costPrice) VALUES (94, '978-0-9956434-0-6', 'Profit-focused homogeneous product', 12, 105.74, 84.592, 67.67360000000001);
INSERT INTO BOOKS (bookId, isbn, title, grade, newPrice, usedPrice, costPrice) VALUES (95, '978-1-387-58285-3', 'Assimilated regional structure', 6, 191.53, 35.56, 28.448000000000004);
INSERT INTO BOOKS (bookId, isbn, title, grade, newPrice, usedPrice, costPrice) VALUES (96, '978-0-02-763161-6', 'Enhanced full-range protocol', 2, 180.69, 144.552, 115.6416);
INSERT INTO BOOKS (bookId, isbn, title, grade, newPrice, usedPrice, costPrice) VALUES (97, '978-1-4237-9469-1', 'Business-focused mission-critical system engine', 2, 177.32, 95.62, 48.61);
INSERT INTO BOOKS (bookId, isbn, title, grade, newPrice, usedPrice, costPrice) VALUES (98, '978-0-654-33578-9', 'Decentralized exuding conglomeration', 11, 69.62, 55.696000000000005, 35.32);
INSERT INTO BOOKS (bookId, isbn, title, grade, newPrice, usedPrice, costPrice) VALUES (99, '978-1-922109-74-3', 'Progressive full-range product', 1, 300.32, 110.22, 88.176);
INSERT INTO BOOKS (bookId, isbn, title, grade, newPrice, usedPrice, costPrice) VALUES (100, '978-0-929613-45-1', 'Distributed bandwidth-monitored application', 5, 426.7, 21.47, 17.176);
INSERT INTO USERS (userId, userUUID, firstName, lastName, type, email, cellphone, marketing) VALUES (1, '7145f1e2-1396-409d-82b1-8f17884ec436', 'Derrick', 'Sims', 1, 'dturner@example.com', '915-691-4822', 0);
INSERT INTO USERS (userId, userUUID, firstName, lastName, type, email, cellphone, marketing) VALUES (2, 'fb28523c-2976-4815-8424-c583dfa22285', 'Anthony', 'Jones', 1, 'joneslauren@example.net', '+1-966-409-3647x3919', 1);
INSERT INTO USERS (userId, userUUID, firstName, lastName, type, email, cellphone, marketing) VALUES (3, '9d5f7ebe-db8c-40e8-a223-2ca9f6414f4a', 'Ryan', 'Gregory', 1, 'fergusonstuart@example.com', '+1-722-347-8696x2085', 1);
INSERT INTO USERS (userId, userUUID, firstName, lastName, type, email, cellphone, marketing) VALUES (4, 'cc0fa031-fdef-4f9f-8a23-889ee484194f', 'William', 'Jones', 0, 'alexispotter@example.net', '(933)688-5853x961', 0);
INSERT INTO USERS (userId, userUUID, firstName, lastName, type, email, cellphone, marketing) VALUES (5, '1c52f63e-7665-44f8-918b-6225715b9a69', 'Janet', 'Castillo', 0, 'kellybrooks@example.org', '671.760.3945x835', 0);
INSERT INTO USERS (userId, userUUID, firstName, lastName, type, email, cellphone, marketing) VALUES (6, '70aa2d82-7647-4964-bade-4c7ba6b8dae0', 'Angela', 'Allen', 2, 'devonhull@example.com', '+1-376-485-7252', 1);
INSERT INTO USERS (userId, userUUID, firstName, lastName, type, email, cellphone, marketing) VALUES (7, '8e3134d8-76ac-466a-9887-67b62ba75994', 'Adrienne', 'Thompson', 1, 'millersandra@example.org', '306-860-6397', 0);
INSERT INTO USERS (userId, userUUID, firstName, lastName, type, email, cellphone, marketing) VALUES (8, '3c87c8c3-41e3-4d02-9235-e6c5713a87f0', 'Patrick', 'Flores', 0, 'osmall@example.net', '8583867362', 1);
INSERT INTO USERS (userId, userUUID, firstName, lastName, type, email, cellphone, marketing) VALUES (9, '939f6c5d-4be2-456f-aa55-2bffcab3d5c3', 'Brittany', 'Hunt', 1, 'singletonthomas@example.net', '778.432.3732x053', 0);
INSERT INTO USERS (userId, userUUID, firstName, lastName, type, email, cellphone, marketing) VALUES (10, '8c9ad7a6-3d51-465f-83b9-5ec19d082b09', 'Pamela', 'Bailey', 2, 'phillipsangela@example.net', '(580)621-9449x4826', 0);
INSERT INTO USERS (userId, userUUID, firstName, lastName, type, email, cellphone, marketing) VALUES (11, '8064a4f6-c9ad-43e3-90d2-664d739776c1', 'Rebecca', 'Nichols', 1, 'brian03@example.net', '524-280-4628', 1);
INSERT INTO USERS (userId, userUUID, firstName, lastName, type, email, cellphone, marketing) VALUES (12, 'f1a0eaec-c52c-4fe5-b91b-b24aec8f5800', 'Michael', 'Taylor', 0, 'ewatson@example.com', '(935)205-2616', 0);
INSERT INTO USERS (userId, userUUID, firstName, lastName, type, email, cellphone, marketing) VALUES (13, '33392e89-d6da-4c50-be21-1c170bf842bb', 'Bryce', 'Williams', 0, 'shernandez@example.com', '352-210-5046', 0);
INSERT INTO USERS (userId, userUUID, firstName, lastName, type, email, cellphone, marketing) VALUES (14, '018fdf8c-2918-43cc-9070-ef90f963ba96', 'Emily', 'Mcdaniel', 0, 'hlong@example.net', '001-902-818-0791x47426', 1);
INSERT INTO USERS (userId, userUUID, firstName, lastName, type, email, cellphone, marketing) VALUES (15, 'e33838de-413e-49bc-a6f4-71559bd5545c', 'James', 'Smith', 2, 'henryjohnson@example.net', '392-970-0096', 1);
INSERT INTO USERS (userId, userUUID, firstName, lastName, type, email, cellphone, marketing) VALUES (16, 'f9a45c3f-8a73-4117-a283-b634d22b08b6', 'Zachary', 'Bennett', 1, 'dstevenson@example.org', '622-790-7517x29157', 0);
INSERT INTO USERS (userId, userUUID, firstName, lastName, type, email, cellphone, marketing) VALUES (17, '9b2b7c81-efdd-45d2-96a3-57fcc498f17e', 'Sara', 'Mcfarland', 2, 'kevin44@example.com', '001-523-361-5922x355', 1);
INSERT INTO USERS (userId, userUUID, firstName, lastName, type, email, cellphone, marketing) VALUES (18, '7cf26a5c-b04f-401f-ae5d-2626798c3ad4', 'Antonio', 'Jones', 1, 'robert52@example.org', '001-221-302-4230x91390', 1);
INSERT INTO USERS (userId, userUUID, firstName, lastName, type, email, cellphone, marketing) VALUES (19, '7d95a1ef-5999-4045-bb32-68bdfb1c250a', 'Richard', 'Wilson', 0, 'whitebrian@example.org', '415-462-1131x62974', 1);
INSERT INTO USERS (userId, userUUID, firstName, lastName, type, email, cellphone, marketing) VALUES (20, '9d573b09-dc15-4182-b115-3183afb7b63f', 'Samuel', 'Anderson', 0, 'kevinkirby@example.com', '(777)664-3107x950', 0);
INSERT INTO USERS (userId, userUUID, firstName, lastName, type, email, cellphone, marketing) VALUES (21, '76a991f9-603b-4fba-8827-35823e8c3989', 'Meredith', 'Stephens', 2, 'utodd@example.org', '635-341-8836', 1);
INSERT INTO USERS (userId, userUUID, firstName, lastName, type, email, cellphone, marketing) VALUES (22, 'a30942fc-964e-499a-a950-a65d224451ff', 'Jennifer', 'Ferguson', 1, 'joshua77@example.com', '(636)640-8495x292', 0);
INSERT INTO USERS (userId, userUUID, firstName, lastName, type, email, cellphone, marketing) VALUES (23, '0675be52-0313-40ca-b4f9-af2f18192bce', 'Valerie', 'Rodriguez', 0, 'patricia46@example.org', '3344464021', 0);
INSERT INTO USERS (userId, userUUID, firstName, lastName, type, email, cellphone, marketing) VALUES (24, '9c02319a-eeb5-4cd2-9066-fb430486f419', 'Michael', 'Wright', 2, 'cameronwood@example.org', '001-541-214-0993x91583', 1);
INSERT INTO USERS (userId, userUUID, firstName, lastName, type, email, cellphone, marketing) VALUES (25, 'b36cce7b-b5d5-4473-81fb-76cd532ebb86', 'Brenda', 'Waller', 0, 'tylerroy@example.com', '001-480-452-8922x4769', 1);
INSERT INTO USERS (userId, userUUID, firstName, lastName, type, email, cellphone, marketing) VALUES (26, '5280d344-0395-4e9c-a207-faf0b03c3e77', 'Katherine', 'Wilson', 1, 'roger23@example.com', '001-748-248-1028', 0);
INSERT INTO USERS (userId, userUUID, firstName, lastName, type, email, cellphone, marketing) VALUES (27, '4fe96a09-6ac0-407e-bc25-4333a48aede0', 'John', 'Valenzuela', 2, 'zcoffey@example.com', '(762)692-4082x8528', 1);
INSERT INTO USERS (userId, userUUID, firstName, lastName, type, email, cellphone, marketing) VALUES (28, '6c37abb9-38d1-47ed-a0c9-898b6d4b68f0', 'Rebecca', 'Castro', 1, 'lbishop@example.net', '221.966.2970', 0);
INSERT INTO USERS (userId, userUUID, firstName, lastName, type, email, cellphone, marketing) VALUES (29, '3d8e960c-8415-4fbc-b4bf-4cbf77a3dfca', 'Tracy', 'Lee', 1, 'richardpierce@example.net', '001-216-772-5779', 0);
INSERT INTO USERS (userId, userUUID, firstName, lastName, type, email, cellphone, marketing) VALUES (30, '820017c0-6338-45d7-8a99-2507fee89f15', 'James', 'Rose', 0, 'gfrye@example.com', '(262)290-9168', 1);
INSERT INTO USERS (userId, userUUID, firstName, lastName, type, email, cellphone, marketing) VALUES (31, '7c82bca8-f9bf-4ce0-a9e0-67cf2293aa40', 'Jon', 'Kennedy', 0, 'marvin13@example.com', '001-508-621-8913x18756', 0);
INSERT INTO USERS (userId, userUUID, firstName, lastName, type, email, cellphone, marketing) VALUES (32, '45cb69c5-14eb-414f-8f30-54bbc18dfe87', 'Travis', 'Taylor', 1, 'sarashelton@example.org', '225-692-9389x286', 1);
INSERT INTO USERS (userId, userUUID, firstName, lastName, type, email, cellphone, marketing) VALUES (33, '22b00dc7-1e00-4a5a-b918-3f31a0bdfdce', 'Seth', 'Carlson', 2, 'ycook@example.org', '814-271-5216x0862', 0);
INSERT INTO USERS (userId, userUUID, firstName, lastName, type, email, cellphone, marketing) VALUES (34, 'd78e8ff1-9201-4fcd-a916-aa3ce15a1f05', 'John', 'Becker', 1, 'bcampos@example.org', '2932980610', 1);
INSERT INTO USERS (userId, userUUID, firstName, lastName, type, email, cellphone, marketing) VALUES (35, '0a2b79cc-f6a5-4c13-bcec-9872957359c2', 'Scott', 'Gonzalez', 1, 'billyholt@example.net', '(802)209-8474x695', 0);
INSERT INTO USERS (userId, userUUID, firstName, lastName, type, email, cellphone, marketing) VALUES (36, '91b2bbc4-2f77-4ce1-a8f6-e007dc7879b4', 'John', 'Powers', 1, 'andersoncameron@example.net', '229.816.6080', 1);
INSERT INTO USERS (userId, userUUID, firstName, lastName, type, email, cellphone, marketing) VALUES (37, 'f9ca6fa2-eed1-4fae-a6f8-b56989e38cf1', 'Mary', 'Peterson', 0, 'mreyes@example.com', '4657154695', 0);
INSERT INTO USERS (userId, userUUID, firstName, lastName, type, email, cellphone, marketing) VALUES (38, 'c90f0504-2922-4238-b347-bba05db1a496', 'Joyce', 'Silva', 2, 'cassidysmith@example.com', '+1-323-647-4668', 1);
INSERT INTO USERS (userId, userUUID, firstName, lastName, type, email, cellphone, marketing) VALUES (39, '399b568d-8976-4b17-a646-e159e9c5c0d0', 'Benjamin', 'Jones', 0, 'ylewis@example.com', '725.995.5586x7925', 0);
INSERT INTO USERS (userId, userUUID, firstName, lastName, type, email, cellphone, marketing) VALUES (40, '38021869-5d0b-4232-88b9-9a3df864052f', 'Dylan', 'Armstrong', 0, 'fhurley@example.net', '253-625-1705', 1);
INSERT INTO USERS (userId, userUUID, firstName, lastName, type, email, cellphone, marketing) VALUES (41, '88fff5ff-aa9f-4845-a7ba-dd050b4202d5', 'Sherri', 'Haley', 0, 'michelleyork@example.net', '258.945.9783x9970', 1);
INSERT INTO USERS (userId, userUUID, firstName, lastName, type, email, cellphone, marketing) VALUES (42, 'cb2ca7fa-d2f2-47c5-b9c3-2c79350c302d', 'Katelyn', 'Lindsey', 1, 'obradley@example.net', '8776875050', 1);
INSERT INTO USERS (userId, userUUID, firstName, lastName, type, email, cellphone, marketing) VALUES (43, '2f69dbdc-21b5-411c-8f37-a6e88837da13', 'Caitlyn', 'Graham', 1, 'goldenashley@example.com', '+1-613-703-2096', 0);
INSERT INTO USERS (userId, userUUID, firstName, lastName, type, email, cellphone, marketing) VALUES (44, 'd9bb256d-5dd4-429e-bc50-586f825e45eb', 'Jane', 'Fernandez', 1, 'vduncan@example.org', '(491)312-8426x182', 0);
INSERT INTO USERS (userId, userUUID, firstName, lastName, type, email, cellphone, marketing) VALUES (45, '884a8ac4-1b29-4368-90d6-866376050158', 'Kyle', 'Nguyen', 0, 'melissaparrish@example.com', '2953609027', 1);
INSERT INTO USERS (userId, userUUID, firstName, lastName, type, email, cellphone, marketing) VALUES (46, '37c7640a-a415-4198-8183-f2602a187a4d', 'Christopher', 'Cannon', 2, 'jason04@example.com', '+1-866-392-1947x4216', 0);
INSERT INTO USERS (userId, userUUID, firstName, lastName, type, email, cellphone, marketing) VALUES (47, '0b945b44-db7e-488a-bb0a-a62b3591343e', 'Deborah', 'Robinson', 2, 'kennedyjeffery@example.net', '987.569.6314', 1);
INSERT INTO USERS (userId, userUUID, firstName, lastName, type, email, cellphone, marketing) VALUES (48, '56059f89-0060-4d6d-ba4d-1533b687b21c', 'James', 'Robinson', 2, 'lawrence75@example.org', '374.357.9610', 1);
INSERT INTO USERS (userId, userUUID, firstName, lastName, type, email, cellphone, marketing) VALUES (49, '24ba369a-a032-4267-9e25-8100347216f9', 'Erik', 'Maddox', 0, 'joshuacole@example.net', '674-554-8915x2594', 1);
INSERT INTO USERS (userId, userUUID, firstName, lastName, type, email, cellphone, marketing) VALUES (50, '3b07168e-f758-43f8-a14d-c14ce62dea5e', 'Tara', 'Bates', 0, 'williamsstephanie@example.net', '240-728-6935', 1);
INSERT INTO USERS (userId, userUUID, firstName, lastName, type, email, cellphone, marketing) VALUES (51, '8b0647bf-46ea-4cfc-b4b0-aba07fb35db9', 'Jessica', 'Salazar', 1, 'mschultz@example.org', '383.673.2801x848', 1);
INSERT INTO USERS (userId, userUUID, firstName, lastName, type, email, cellphone, marketing) VALUES (52, '632ff82f-7562-4be9-8c9b-7fecb3ed66ed', 'James', 'Pierce', 1, 'murphyjonathan@example.com', '433-450-3297', 1);
INSERT INTO USERS (userId, userUUID, firstName, lastName, type, email, cellphone, marketing) VALUES (53, 'ebfe61c8-8ba5-47b2-b89a-48e790e63cd8', 'Natalie', 'Morse', 1, 'richard39@example.com', '289-615-5671', 0);
INSERT INTO USERS (userId, userUUID, firstName, lastName, type, email, cellphone, marketing) VALUES (54, '613698a1-024e-467d-83fe-b94ffb0d53f6', 'Ronald', 'Brown', 0, 'robertorobinson@example.org', '2184748045', 1);
INSERT INTO USERS (userId, userUUID, firstName, lastName, type, email, cellphone, marketing) VALUES (55, 'd45947aa-3394-49f4-9d5b-a7937916ba6a', 'Vicki', 'Daniels', 0, 'bradymanuel@example.com', '+1-926-324-0800x213', 0);
INSERT INTO USERS (userId, userUUID, firstName, lastName, type, email, cellphone, marketing) VALUES (56, '14a93a77-b46c-4dd2-a006-ededd30c2e6b', 'Joshua', 'Watson', 2, 'ashleysilva@example.net', '(815)550-1879x461', 1);
INSERT INTO USERS (userId, userUUID, firstName, lastName, type, email, cellphone, marketing) VALUES (57, '4cce21f4-494f-4282-b1bc-786a46d19b32', 'Cassandra', 'Price', 2, 'hmurphy@example.com', '258.313.7553x090', 1);
INSERT INTO USERS (userId, userUUID, firstName, lastName, type, email, cellphone, marketing) VALUES (58, 'c104c60b-66e9-4d5c-90dd-d18f164749d2', 'Joseph', 'Hahn', 1, 'jbryant@example.org', '757.480.5918', 1);
INSERT INTO USERS (userId, userUUID, firstName, lastName, type, email, cellphone, marketing) VALUES (59, '9cd54260-c5cd-4200-9730-dd72ff8346c9', 'Lauren', 'White', 0, 'carolyndavis@example.com', '001-868-603-5622x2406', 1);
INSERT INTO USERS (userId, userUUID, firstName, lastName, type, email, cellphone, marketing) VALUES (60, '2d51daf9-80cd-4787-a664-650237d8ad0d', 'Michael', 'Velez', 0, 'ypreston@example.org', '001-744-604-8984x300', 1);
INSERT INTO USERS (userId, userUUID, firstName, lastName, type, email, cellphone, marketing) VALUES (61, '75f96d50-a322-4cf8-be69-aaa44c2b9b68', 'Phyllis', 'Walker', 2, 'ibell@example.org', '680-392-7016', 0);
INSERT INTO USERS (userId, userUUID, firstName, lastName, type, email, cellphone, marketing) VALUES (62, '539d9e9a-c89a-4e71-9296-f81cc47ae2aa', 'Mary', 'Wilson', 1, 'gina63@example.org', '885.523.2808', 1);
INSERT INTO USERS (userId, userUUID, firstName, lastName, type, email, cellphone, marketing) VALUES (63, '201b8dc2-e73c-4ece-b042-053314f36cbd', 'Wendy', 'Stephens', 1, 'bonillacameron@example.net', '990.807.8305', 0);
INSERT INTO USERS (userId, userUUID, firstName, lastName, type, email, cellphone, marketing) VALUES (64, 'c9fe9c6f-cdf8-4c8d-9302-b77a9fc9b18e', 'Jo', 'Coleman', 2, 'christopher85@example.org', '9243897954', 0);
INSERT INTO USERS (userId, userUUID, firstName, lastName, type, email, cellphone, marketing) VALUES (65, 'f0b6fda9-3180-4a89-b4d5-12df21182d8f', 'Kaylee', 'Keller', 2, 'jennifer19@example.com', '711.346.1739x010', 0);
INSERT INTO USERS (userId, userUUID, firstName, lastName, type, email, cellphone, marketing) VALUES (66, '1cb8c88e-f140-4b65-9a61-0bb243838c4c', 'Jennifer', 'Mccullough', 2, 'ashleyalexander@example.org', '(582)597-8484x68176', 1);
INSERT INTO USERS (userId, userUUID, firstName, lastName, type, email, cellphone, marketing) VALUES (67, '7ad8f4d2-a084-4169-a7f7-94c477c324e9', 'Stephen', 'Moss', 2, 'munderwood@example.com', '+1-590-718-2414', 0);
INSERT INTO USERS (userId, userUUID, firstName, lastName, type, email, cellphone, marketing) VALUES (68, 'da762121-8047-499c-9445-007f5991fa6c', 'Melissa', 'Knight', 2, 'floresleslie@example.com', '215-577-3832', 0);
INSERT INTO USERS (userId, userUUID, firstName, lastName, type, email, cellphone, marketing) VALUES (69, '76a7efd1-12f7-44e1-850e-03e027d66d94', 'Alexander', 'Guerra', 2, 'sandovalscott@example.com', '+1-215-351-2342', 1);
INSERT INTO USERS (userId, userUUID, firstName, lastName, type, email, cellphone, marketing) VALUES (70, '65ac71b9-b613-4c12-9a14-c5cdfa92d8de', 'Wendy', 'Stein', 1, 'prodriguez@example.com', '806-362-6600x171', 0);
INSERT INTO USERS (userId, userUUID, firstName, lastName, type, email, cellphone, marketing) VALUES (71, '8080fff9-45e9-4d9e-b9f4-3c5535d10e5a', 'Jeremiah', 'Harris', 1, 'amywade@example.org', '594.492.7628x36492', 1);
INSERT INTO USERS (userId, userUUID, firstName, lastName, type, email, cellphone, marketing) VALUES (72, 'a0d28d8e-76a9-496e-8a32-5779d7c74834', 'Zachary', 'Ortiz', 1, 'brownjoseph@example.com', '286-216-8576x609', 0);
INSERT INTO USERS (userId, userUUID, firstName, lastName, type, email, cellphone, marketing) VALUES (73, '68f3aa35-4265-4a66-b1b1-439a5b3d569e', 'Kevin', 'Larsen', 1, 'bryantmichael@example.net', '736.689.7512', 0);
INSERT INTO USERS (userId, userUUID, firstName, lastName, type, email, cellphone, marketing) VALUES (74, 'dd87bc64-7a81-47c9-a278-4e007f726b47', 'David', 'Trujillo', 0, 'nguyeneddie@example.com', '216-685-5354x07632', 0);
INSERT INTO USERS (userId, userUUID, firstName, lastName, type, email, cellphone, marketing) VALUES (75, '92a90873-2beb-4ca5-84d2-48cdfeb6020f', 'Stephanie', 'Gomez', 2, 'patrickwoods@example.net', '(383)345-1917x04695', 1);
INSERT INTO USERS (userId, userUUID, firstName, lastName, type, email, cellphone, marketing) VALUES (76, '3cc7f93f-7db5-4123-a69a-f251b40c2566', 'Matthew', 'Bell', 2, 'johnalvarez@example.com', '(513)839-6506', 1);
INSERT INTO USERS (userId, userUUID, firstName, lastName, type, email, cellphone, marketing) VALUES (77, '244eab7b-c7e3-4685-aeba-581e59667b46', 'Jose', 'Harrison', 1, 'halljustin@example.org', '457-826-9355', 1);
INSERT INTO USERS (userId, userUUID, firstName, lastName, type, email, cellphone, marketing) VALUES (78, 'b20c9812-ba60-44db-b6f1-a40ff024b578', 'Sharon', 'Hampton', 1, 'ihamilton@example.com', '+1-260-417-0574', 0);
INSERT INTO USERS (userId, userUUID, firstName, lastName, type, email, cellphone, marketing) VALUES (79, 'fdf4bfab-f8a6-447a-9f7d-dd09685c2f10', 'Brian', 'Rodriguez', 2, 'joshuamclaughlin@example.com', '4824444217', 1);
INSERT INTO USERS (userId, userUUID, firstName, lastName, type, email, cellphone, marketing) VALUES (80, '028e794f-c757-450e-b502-e3ffb9e0e495', 'Richard', 'Perkins', 0, 'gonzalezkelly@example.net', '401.541.7108', 1);
INSERT INTO USERS (userId, userUUID, firstName, lastName, type, email, cellphone, marketing) VALUES (81, 'f2e3f1f6-d39b-42e1-9766-a61323a6c57a', 'John', 'Wilson', 1, 'monroemichael@example.net', '(639)678-1213x34486', 1);
INSERT INTO USERS (userId, userUUID, firstName, lastName, type, email, cellphone, marketing) VALUES (82, 'f0678dc5-685c-47e8-8fe7-b42f44d8d7f2', 'Mark', 'Gaines', 0, 'jkennedy@example.com', '+1-741-664-0876', 1);
INSERT INTO USERS (userId, userUUID, firstName, lastName, type, email, cellphone, marketing) VALUES (83, '51db609e-eb52-427d-9b2d-ee0cb7f1c25a', 'Kathryn', 'Clark', 2, 'sweeneykevin@example.org', '(646)484-4357', 0);
INSERT INTO USERS (userId, userUUID, firstName, lastName, type, email, cellphone, marketing) VALUES (84, '9c00a25e-57e3-46af-a18f-eb3137e11c10', 'Tracey', 'Kennedy', 2, 'tonilong@example.com', '001-550-836-3412', 1);
INSERT INTO USERS (userId, userUUID, firstName, lastName, type, email, cellphone, marketing) VALUES (85, 'a5be81b3-acb6-41e1-b594-048e2ffd0796', 'Scott', 'White', 0, 'smithchristina@example.org', '5845569059', 0);
INSERT INTO USERS (userId, userUUID, firstName, lastName, type, email, cellphone, marketing) VALUES (86, '65a12dc4-3808-4675-97b9-26f02d1156e7', 'David', 'Reed', 0, 'dperry@example.com', '637.662.3300x121', 1);
INSERT INTO USERS (userId, userUUID, firstName, lastName, type, email, cellphone, marketing) VALUES (87, 'ef945db1-7388-4d83-9366-15c41064ee86', 'Sarah', 'Harris', 0, 'lcox@example.net', '746.622.9780', 0);
INSERT INTO USERS (userId, userUUID, firstName, lastName, type, email, cellphone, marketing) VALUES (88, '57f7731f-bf7b-434d-b9c0-084175e228ca', 'Carlos', 'Moore', 0, 'sean47@example.org', '759-577-5094', 0);
INSERT INTO USERS (userId, userUUID, firstName, lastName, type, email, cellphone, marketing) VALUES (89, '15b306fd-08dd-4d11-adb1-a71b3e451fd5', 'Michele', 'Marquez', 0, 'jamesjohnson@example.com', '824.543.6770x6111', 1);
INSERT INTO USERS (userId, userUUID, firstName, lastName, type, email, cellphone, marketing) VALUES (90, '9405f259-a0e4-490f-acda-40db1e9b256c', 'Paul', 'Daniels', 0, 'matthew94@example.net', '(713)799-2400x8187', 1);
INSERT INTO USERS (userId, userUUID, firstName, lastName, type, email, cellphone, marketing) VALUES (91, 'b63cf76c-2bb4-4435-9038-385c03572760', 'Judy', 'Sandoval', 1, 'opham@example.com', '942.356.5906', 1);
INSERT INTO USERS (userId, userUUID, firstName, lastName, type, email, cellphone, marketing) VALUES (92, 'ebd50046-bf96-4ff9-8e63-eb19320950e0', 'Brianna', 'Campbell', 0, 'qrubio@example.net', '591.336.7551', 1);
INSERT INTO USERS (userId, userUUID, firstName, lastName, type, email, cellphone, marketing) VALUES (93, '8aae7f8f-94da-4e34-8f8a-fe84b1a9caf0', 'Amy', 'Ruiz', 1, 'seanwallace@example.com', '+1-425-629-9170x6475', 1);
INSERT INTO USERS (userId, userUUID, firstName, lastName, type, email, cellphone, marketing) VALUES (94, '71d545e7-1a96-4a19-a3eb-996824c98b82', 'Jose', 'Medina', 2, 'silvajoshua@example.net', '2988401063', 0);
INSERT INTO USERS (userId, userUUID, firstName, lastName, type, email, cellphone, marketing) VALUES (95, '454c6ac9-eecd-4475-bb1c-6704ffe4ec05', 'Johnny', 'Mcintyre', 1, 'darmstrong@example.net', '+1-324-999-0180x91315', 1);
INSERT INTO USERS (userId, userUUID, firstName, lastName, type, email, cellphone, marketing) VALUES (96, '6d5e45d7-f177-4041-9a80-bab226ca8e2f', 'Joshua', 'Myers', 2, 'whitepamela@example.org', '+1-334-368-8938x858', 0);
INSERT INTO USERS (userId, userUUID, firstName, lastName, type, email, cellphone, marketing) VALUES (97, '22547a6f-34ac-4b77-a7b3-c9f617e27ddf', 'Susan', 'Roberts', 2, 'jensenstacey@example.com', '001-789-925-9668x65540', 1);
INSERT INTO USERS (userId, userUUID, firstName, lastName, type, email, cellphone, marketing) VALUES (98, '3a399d54-c699-45d9-93a5-084d2ee99a02', 'Matthew', 'Smith', 2, 'stewartgregory@example.com', '(449)919-1774', 1);
INSERT INTO USERS (userId, userUUID, firstName, lastName, type, email, cellphone, marketing) VALUES (99, '55b3479c-a599-4a65-b558-f0ae67d4afb3', 'Madison', 'Scott', 1, 'deangardner@example.org', '(753)468-6140', 1);
INSERT INTO USERS (userId, userUUID, firstName, lastName, type, email, cellphone, marketing) VALUES (100, '5ebc435a-48cf-46d7-a942-d25122722e1c', 'Victor', 'Hines', 2, 'hmiller@example.org', '+1-447-677-3370x2226', 0);
INSERT INTO buyers (buyerId, buyerUUID, userId) VALUES (1, 'e64bf490-ae96-42e2-975b-7c6f4030c80c', 43);
INSERT INTO buyers (buyerId, buyerUUID, userId) VALUES (2, '1717988a-355b-4302-866f-c61a4d304f3b', 44);
INSERT INTO buyers (buyerId, buyerUUID, userId) VALUES (3, 'e52c27e5-f3b2-4f42-a89b-85d07e1d75ac', 27);
INSERT INTO buyers (buyerId, buyerUUID, userId) VALUES (4, 'ef19bd65-1189-4222-b074-1380cbf3b905', 45);
INSERT INTO buyers (buyerId, buyerUUID, userId) VALUES (5, '33829a69-babd-4b64-97d5-2c4578163d22', 50);
INSERT INTO buyers (buyerId, buyerUUID, userId) VALUES (6, '53c80b0b-a2e7-4d16-ba23-02be6cdf2bc4', 33);
INSERT INTO buyers (buyerId, buyerUUID, userId) VALUES (7, '5afb100e-0448-4e8b-aab1-f47fd3956c20', 60);
INSERT INTO buyers (buyerId, buyerUUID, userId) VALUES (8, '0601109f-b6a9-4afc-8628-6b4d11b3f13e', 62);
INSERT INTO buyers (buyerId, buyerUUID, userId) VALUES (9, '67a9267c-c42d-46e9-ae7d-fce613d36e47', 85);
INSERT INTO buyers (buyerId, buyerUUID, userId) VALUES (10, 'a3ee7367-af6b-40fe-9df5-622f4e9067d8', 94);
INSERT INTO buyers (buyerId, buyerUUID, userId) VALUES (11, 'caf34862-3f4f-43b2-aed1-9a2f490153cc', 11);
INSERT INTO buyers (buyerId, buyerUUID, userId) VALUES (12, '2347f911-874f-421e-8332-16ed2ea1d4b0', 40);
INSERT INTO buyers (buyerId, buyerUUID, userId) VALUES (13, '4b0885c6-2ad5-4b4f-8e5b-bba2ec1972f2', 7);
INSERT INTO buyers (buyerId, buyerUUID, userId) VALUES (14, '74a12818-fb4f-4ced-9537-661714126af3', 61);
INSERT INTO buyers (buyerId, buyerUUID, userId) VALUES (15, 'e705cf22-9de2-4814-9ab8-9535acd6ae1f', 71);
INSERT INTO buyers (buyerId, buyerUUID, userId) VALUES (16, '4243f609-da1e-4164-8746-2f4cdd512430', 2);
INSERT INTO buyers (buyerId, buyerUUID, userId) VALUES (17, '17c0e62a-fc57-41a3-949f-6803ad13b0b8', 12);
INSERT INTO buyers (buyerId, buyerUUID, userId) VALUES (18, '4b9ab759-895a-42bf-bfab-6d44ce89ffcf', 32);
INSERT INTO buyers (buyerId, buyerUUID, userId) VALUES (19, '1a43a650-f35d-4c8d-b233-097dd38fdade', 66);
INSERT INTO buyers (buyerId, buyerUUID, userId) VALUES (20, 'cbafc8aa-96ce-44c6-9a21-d921f231634f', 87);
INSERT INTO buyers (buyerId, buyerUUID, userId) VALUES (21, 'be3fa3f6-e7d1-4bdf-bc3b-8e35aa292fdd', 92);
INSERT INTO buyers (buyerId, buyerUUID, userId) VALUES (22, 'e2be1d89-ca52-4cf6-bc54-53740a9db485', 5);
INSERT INTO buyers (buyerId, buyerUUID, userId) VALUES (23, '3cfc081c-833e-42bc-bd0e-663594258a5c', 76);
INSERT INTO buyers (buyerId, buyerUUID, userId) VALUES (24, '2b978234-d035-4b44-a905-8d1c9d06d534', 93);
INSERT INTO buyers (buyerId, buyerUUID, userId) VALUES (25, '7f04f6c0-ce5e-4103-bbfc-57da8fdbf5f6', 96);
INSERT INTO buyers (buyerId, buyerUUID, userId) VALUES (26, '291327d9-b2e7-4a5a-886f-11bc036aa587', 47);
INSERT INTO buyers (buyerId, buyerUUID, userId) VALUES (27, 'eebe0ff7-c811-4f74-a0c9-f7a481b9f472', 9);
INSERT INTO buyers (buyerId, buyerUUID, userId) VALUES (28, '503c0c0e-bdbc-460c-9f5b-388d8d128276', 19);
INSERT INTO buyers (buyerId, buyerUUID, userId) VALUES (29, '70e88503-50fa-40ab-9721-78daf6272556', 29);
INSERT INTO buyers (buyerId, buyerUUID, userId) VALUES (30, '00bc7a88-2542-4148-8ecc-7e0e3a1698a5', 41);
INSERT INTO buyers (buyerId, buyerUUID, userId) VALUES (31, '50af5561-f971-41e6-88ca-347a8333ccca', 67);
INSERT INTO buyers (buyerId, buyerUUID, userId) VALUES (32, 'bf4fefb2-1cf7-4b47-84b6-441f21e63dbb', 6);
INSERT INTO buyers (buyerId, buyerUUID, userId) VALUES (33, 'b1ad4495-8926-4934-804d-c97f456f967b', 46);
INSERT INTO buyers (buyerId, buyerUUID, userId) VALUES (34, 'be9bd4c5-79d1-45ba-baca-0d5f8d5d9dec', 81);
INSERT INTO buyers (buyerId, buyerUUID, userId) VALUES (35, '9f1ab3e2-f924-4eef-95bd-4dbec425084e', 90);
INSERT INTO buyers (buyerId, buyerUUID, userId) VALUES (36, '46a72c2b-5d32-4a45-9e3c-478e521bac7a', 57);
INSERT INTO buyers (buyerId, buyerUUID, userId) VALUES (37, '9b6ca702-fa41-41b4-a477-0fc1daa05b35', 49);
INSERT INTO buyers (buyerId, buyerUUID, userId) VALUES (38, 'bccd819d-1d47-4b63-86fa-912c3ca5bec2', 4);
INSERT INTO buyers (buyerId, buyerUUID, userId) VALUES (39, 'f56c811a-4e81-47b8-adb5-03c4fc7bf312', 83);
INSERT INTO buyers (buyerId, buyerUUID, userId) VALUES (40, '443fcd56-85eb-4239-9da1-d03122c5c255', 17);
INSERT INTO buyers (buyerId, buyerUUID, userId) VALUES (41, '1094f8b6-b7fa-43a8-8cb6-93d897927281', 78);
INSERT INTO buyers (buyerId, buyerUUID, userId) VALUES (42, '8463d563-e51e-41df-83f0-bdca15c44732', 88);
INSERT INTO buyers (buyerId, buyerUUID, userId) VALUES (43, '568beff9-92f4-453b-9ac4-843e7c52d690', 89);
INSERT INTO buyers (buyerId, buyerUUID, userId) VALUES (44, '519d05bd-c482-49f5-a292-350fe0e8781b', 75);
INSERT INTO buyers (buyerId, buyerUUID, userId) VALUES (45, 'f236fad7-ccbe-4a9a-8058-bef2a41bb778', 15);
INSERT INTO buyers (buyerId, buyerUUID, userId) VALUES (46, 'aad128ae-915a-424f-a155-33eda627090e', 8);
INSERT INTO buyers (buyerId, buyerUUID, userId) VALUES (47, '2fef9158-3c4c-423b-afaf-c1e238c8ae8c', 34);
INSERT INTO buyers (buyerId, buyerUUID, userId) VALUES (48, '4bac975e-572d-431f-9abb-dfd77ee682d1', 10);
INSERT INTO buyers (buyerId, buyerUUID, userId) VALUES (49, '6e0bdffe-8fa6-409b-b431-75d60bf67ebf', 14);
INSERT INTO buyers (buyerId, buyerUUID, userId) VALUES (50, 'd2adba4d-da55-46bf-ae65-e5ebc755214e', 95);
INSERT INTO sellers (sellerId, sellerUUID, userId) VALUES (1, 'dd66a760-81f7-4db1-ab2a-ceea543cf6d3', 92);
INSERT INTO sellers (sellerId, sellerUUID, userId) VALUES (2, '57fcabf6-2dc2-4850-832a-45ab8e24145b', 56);
INSERT INTO sellers (sellerId, sellerUUID, userId) VALUES (3, '0acaa3e5-dcbe-471c-9b0f-ca130deeeda8', 49);
INSERT INTO sellers (sellerId, sellerUUID, userId) VALUES (4, '12ca5c80-62ae-446b-820c-8b78345f83e3', 24);
INSERT INTO sellers (sellerId, sellerUUID, userId) VALUES (5, '0d198439-0a19-44a5-8712-d75639788510', 40);
INSERT INTO sellers (sellerId, sellerUUID, userId) VALUES (6, '253ff950-e45e-435e-a50e-53d07b72a988', 45);
INSERT INTO sellers (sellerId, sellerUUID, userId) VALUES (7, '6defcaae-7d03-4973-962c-c6fb5c91f74f', 51);
INSERT INTO sellers (sellerId, sellerUUID, userId) VALUES (8, '3a6fd13c-232e-4ee5-8697-0d404cff9ad7', 57);
INSERT INTO sellers (sellerId, sellerUUID, userId) VALUES (9, '2b68f0b1-5710-44de-b588-ecb4d663efaf', 19);
INSERT INTO sellers (sellerId, sellerUUID, userId) VALUES (10, 'beb7fb00-b649-40e8-9fee-84b8a5600168', 62);
INSERT INTO sellers (sellerId, sellerUUID, userId) VALUES (11, 'b6e2cef5-a3c9-400e-a721-2c5d7a0ac255', 82);
INSERT INTO sellers (sellerId, sellerUUID, userId) VALUES (12, '4d9656d5-fa65-4dea-9a4f-4bc1283cc6df', 89);
INSERT INTO sellers (sellerId, sellerUUID, userId) VALUES (13, 'ee5634c9-e3cd-4e60-803a-8ea5155f3d37', 28);
INSERT INTO sellers (sellerId, sellerUUID, userId) VALUES (14, 'f5d41f4e-6099-42af-8342-8e99231b7158', 50);
INSERT INTO sellers (sellerId, sellerUUID, userId) VALUES (15, '8637a7c2-82cc-4b1a-aa93-ddebf6eb3578', 86);
INSERT INTO sellers (sellerId, sellerUUID, userId) VALUES (16, '47c90f60-56fb-477f-8e79-d042cd2a31bb', 76);
INSERT INTO sellers (sellerId, sellerUUID, userId) VALUES (17, 'cd067fe6-37bc-46cd-a6c4-e24c98a3664d', 30);
INSERT INTO sellers (sellerId, sellerUUID, userId) VALUES (18, '9bbf06a9-6ad9-431a-9349-d6c20b9a3854', 97);
INSERT INTO sellers (sellerId, sellerUUID, userId) VALUES (19, '40e14943-7de9-40c8-bfc2-d92ab62ac4a4', 35);
INSERT INTO sellers (sellerId, sellerUUID, userId) VALUES (20, '1716f610-7196-4a4f-ae20-cdea882a3008', 83);
INSERT INTO sellers (sellerId, sellerUUID, userId) VALUES (21, '98af0bcd-9d2d-43dc-b879-bfac985b2396', 2);
INSERT INTO sellers (sellerId, sellerUUID, userId) VALUES (22, '62e99f13-9a9b-418f-9309-ece656810b3e', 48);
INSERT INTO sellers (sellerId, sellerUUID, userId) VALUES (23, '47482d13-494f-470d-9022-7d214f2923df', 9);
INSERT INTO sellers (sellerId, sellerUUID, userId) VALUES (24, '55dac7b2-3bc2-444d-8bb7-48a3c6c9eace', 43);
INSERT INTO sellers (sellerId, sellerUUID, userId) VALUES (25, '59e9c9fd-78d1-48bb-a464-f0efac6273aa', 70);
INSERT INTO sellers (sellerId, sellerUUID, userId) VALUES (26, 'fd2f7a7a-b850-46a7-9c8e-f389b17d05aa', 74);
INSERT INTO sellers (sellerId, sellerUUID, userId) VALUES (27, 'ea22ddc2-1cdf-4790-82ef-af9c8b20425a', 5);
INSERT INTO sellers (sellerId, sellerUUID, userId) VALUES (28, '3ad1a03d-307e-4364-98d4-12b52a5baaed', 71);
INSERT INTO sellers (sellerId, sellerUUID, userId) VALUES (29, '16ded35a-1c74-4ff5-b354-c17f223f2516', 38);
INSERT INTO sellers (sellerId, sellerUUID, userId) VALUES (30, 'd16aedb2-2cf6-4072-b24e-985717456ab2', 72);
INSERT INTO inventoryItems (inventoryItemId, inventoryItemUUID, bookId, sellerId) VALUES (1, 'c8e659cd-a9fd-4074-b6d0-b62435462b3d', 47, 4);
INSERT INTO inventoryItems (inventoryItemId, inventoryItemUUID, bookId, sellerId) VALUES (2, '693a4219-1cb7-4086-a52e-53b9e8eefeef', 54, 15);
INSERT INTO inventoryItems (inventoryItemId, inventoryItemUUID, bookId, sellerId) VALUES (3, 'f6174bc0-7636-4d0e-a644-75fb7187c19f', 55, 22);
INSERT INTO inventoryItems (inventoryItemId, inventoryItemUUID, bookId, sellerId) VALUES (4, '89162018-197a-461d-b588-6af35220e60a', 85, 2);
INSERT INTO inventoryItems (inventoryItemId, inventoryItemUUID, bookId, sellerId) VALUES (5, '94dd1ffe-90ed-4199-8ffc-72053c1ccbed', 42, 7);
INSERT INTO inventoryItems (inventoryItemId, inventoryItemUUID, bookId, sellerId) VALUES (6, '66714c38-dde7-4d16-8447-b4e2256113dc', 71, 23);
INSERT INTO inventoryItems (inventoryItemId, inventoryItemUUID, bookId, sellerId) VALUES (7, '05638823-fd09-47fe-9502-39371ab827f5', 3, 28);
INSERT INTO inventoryItems (inventoryItemId, inventoryItemUUID, bookId, sellerId) VALUES (8, 'f0fed32c-8788-448d-804b-e3d5b1c1b2a4', 26, 27);
INSERT INTO inventoryItems (inventoryItemId, inventoryItemUUID, bookId, sellerId) VALUES (9, 'c45e9be8-6850-4e62-b2af-9b393b2f0328', 74, 25);
INSERT INTO inventoryItems (inventoryItemId, inventoryItemUUID, bookId, sellerId) VALUES (10, '51dfba8b-d2eb-4dd9-ab22-87eb0eddb7ac', 45, 15);
INSERT INTO inventoryItems (inventoryItemId, inventoryItemUUID, bookId, sellerId) VALUES (11, '0bcdf4a9-2fa8-4665-b76a-36fbe26f7aa1', 82, 22);
INSERT INTO inventoryItems (inventoryItemId, inventoryItemUUID, bookId, sellerId) VALUES (12, '3fb454d1-7199-451f-8713-a720c033b660', 61, 10);
INSERT INTO inventoryItems (inventoryItemId, inventoryItemUUID, bookId, sellerId) VALUES (13, 'dbf44326-c931-4faa-9962-957d7f261330', 45, 27);
INSERT INTO inventoryItems (inventoryItemId, inventoryItemUUID, bookId, sellerId) VALUES (14, '247bdcc4-d503-4d4b-851b-1806f8d0e014', 43, 25);
INSERT INTO inventoryItems (inventoryItemId, inventoryItemUUID, bookId, sellerId) VALUES (15, '11fcff1f-534d-47c7-8f73-7db0bb599198', 44, 17);
INSERT INTO inventoryItems (inventoryItemId, inventoryItemUUID, bookId, sellerId) VALUES (16, 'b6bf1c51-cba3-4684-9646-74a9f1967f9d', 43, 2);
INSERT INTO inventoryItems (inventoryItemId, inventoryItemUUID, bookId, sellerId) VALUES (17, '6b7acc0d-b704-4654-81f9-654ec38fcfb6', 3, 17);
INSERT INTO inventoryItems (inventoryItemId, inventoryItemUUID, bookId, sellerId) VALUES (18, 'eef6e56e-6c4c-4c97-896d-6718fda838db', 47, 21);
INSERT INTO inventoryItems (inventoryItemId, inventoryItemUUID, bookId, sellerId) VALUES (19, '53e4b979-ba59-4afa-89d4-fd98b0567dd6', 57, 30);
INSERT INTO inventoryItems (inventoryItemId, inventoryItemUUID, bookId, sellerId) VALUES (20, '57221203-3729-4bbe-b5fd-792572fc9be0', 42, 26);
INSERT INTO inventoryItems (inventoryItemId, inventoryItemUUID, bookId, sellerId) VALUES (21, '574165a5-018a-4775-8940-0c7f8a0e3028', 73, 1);
INSERT INTO inventoryItems (inventoryItemId, inventoryItemUUID, bookId, sellerId) VALUES (22, '8cbade04-5dc5-427c-bb6b-95e73fde30fa', 94, 15);
INSERT INTO inventoryItems (inventoryItemId, inventoryItemUUID, bookId, sellerId) VALUES (23, '4f2dc569-ed2d-493c-a4b4-2122e42328fe', 1, 1);
INSERT INTO inventoryItems (inventoryItemId, inventoryItemUUID, bookId, sellerId) VALUES (24, 'cd253a9d-1bb4-4ff8-84df-59433ddae3aa', 6, 6);
INSERT INTO inventoryItems (inventoryItemId, inventoryItemUUID, bookId, sellerId) VALUES (25, 'a65a700d-be89-4c7e-9d37-35607b1c5265', 49, 25);
INSERT INTO inventoryItems (inventoryItemId, inventoryItemUUID, bookId, sellerId) VALUES (26, '58006409-a8a5-46bc-b397-48d794e47e54', 26, 17);
INSERT INTO inventoryItems (inventoryItemId, inventoryItemUUID, bookId, sellerId) VALUES (27, 'd1bdda34-21e9-469f-acf9-ac286d980a0c', 91, 4);
INSERT INTO inventoryItems (inventoryItemId, inventoryItemUUID, bookId, sellerId) VALUES (28, '98cc013a-005a-45a2-86dc-0f5a82b2dcb9', 97, 3);
INSERT INTO inventoryItems (inventoryItemId, inventoryItemUUID, bookId, sellerId) VALUES (29, 'fb2eee8a-f79f-4af3-ac86-2e72041d615d', 26, 25);
INSERT INTO inventoryItems (inventoryItemId, inventoryItemUUID, bookId, sellerId) VALUES (30, 'e8167338-bdf9-47ef-8dfb-664b6a3dac5b', 88, 11);
INSERT INTO inventoryItems (inventoryItemId, inventoryItemUUID, bookId, sellerId) VALUES (31, 'f464743c-672f-41d7-9b36-6ffc66083305', 97, 29);
INSERT INTO inventoryItems (inventoryItemId, inventoryItemUUID, bookId, sellerId) VALUES (32, 'c09452b7-ac79-4cfd-b321-502f74f51f53', 88, 4);
INSERT INTO inventoryItems (inventoryItemId, inventoryItemUUID, bookId, sellerId) VALUES (33, '5a72e6e1-1e37-47b0-9a50-8c4f0b4e8e34', 46, 12);
INSERT INTO inventoryItems (inventoryItemId, inventoryItemUUID, bookId, sellerId) VALUES (34, '1125bf84-8835-442d-9475-5668c89bd8a6', 89, 18);
INSERT INTO inventoryItems (inventoryItemId, inventoryItemUUID, bookId, sellerId) VALUES (35, 'e6ace3ee-8866-4a75-910b-a767e1ca3bd3', 33, 19);
INSERT INTO inventoryItems (inventoryItemId, inventoryItemUUID, bookId, sellerId) VALUES (36, '8744dd44-8f88-4294-a278-be83344b64f4', 44, 21);
INSERT INTO inventoryItems (inventoryItemId, inventoryItemUUID, bookId, sellerId) VALUES (37, 'ca681fa7-f22d-4d2d-9cba-ccceaddf0cc9', 17, 30);
INSERT INTO inventoryItems (inventoryItemId, inventoryItemUUID, bookId, sellerId) VALUES (38, '6d57422c-72bf-4029-ade7-fe771638e1ce', 47, 29);
INSERT INTO inventoryItems (inventoryItemId, inventoryItemUUID, bookId, sellerId) VALUES (39, '3842dc8d-9756-4456-b317-807982c8a1dc', 49, 8);
INSERT INTO inventoryItems (inventoryItemId, inventoryItemUUID, bookId, sellerId) VALUES (40, '0f1ded07-158e-49f5-b481-215e3026b923', 71, 12);
INSERT INTO inventoryItems (inventoryItemId, inventoryItemUUID, bookId, sellerId) VALUES (41, 'b10cd96e-4417-4bd6-aa08-aa4c60519187', 27, 4);
INSERT INTO inventoryItems (inventoryItemId, inventoryItemUUID, bookId, sellerId) VALUES (42, '0157024b-fad8-4950-8fe4-4cd008e3ae11', 66, 4);
INSERT INTO inventoryItems (inventoryItemId, inventoryItemUUID, bookId, sellerId) VALUES (43, '58214971-d407-4682-b864-6a7c524e3319', 23, 3);
INSERT INTO inventoryItems (inventoryItemId, inventoryItemUUID, bookId, sellerId) VALUES (44, '30b151cb-e7e3-4066-a8c9-131319d56d71', 90, 16);
INSERT INTO inventoryItems (inventoryItemId, inventoryItemUUID, bookId, sellerId) VALUES (45, '51dd5691-ff72-4dba-8ca4-2c6ecd786e92', 91, 8);
INSERT INTO inventoryItems (inventoryItemId, inventoryItemUUID, bookId, sellerId) VALUES (46, '2e66e4dc-12f3-4d0f-b18c-c82f4bfa97ba', 24, 18);
INSERT INTO inventoryItems (inventoryItemId, inventoryItemUUID, bookId, sellerId) VALUES (47, '50bd3797-85d0-4357-8e9e-40b723f4f9b0', 59, 21);
INSERT INTO inventoryItems (inventoryItemId, inventoryItemUUID, bookId, sellerId) VALUES (48, '22ce92a9-153d-4d76-a74e-73f3e3c2306a', 87, 6);
INSERT INTO inventoryItems (inventoryItemId, inventoryItemUUID, bookId, sellerId) VALUES (49, '58af5538-39e8-4c53-91fd-e7ae90bc3e16', 99, 2);
INSERT INTO inventoryItems (inventoryItemId, inventoryItemUUID, bookId, sellerId) VALUES (50, 'be062364-92fc-4c23-9806-846de85b53c3', 86, 15);
INSERT INTO inventoryItems (inventoryItemId, inventoryItemUUID, bookId, sellerId) VALUES (51, 'fb0379b4-db34-4edd-93d0-b5fab55f0633', 86, 19);
INSERT INTO inventoryItems (inventoryItemId, inventoryItemUUID, bookId, sellerId) VALUES (52, 'c9a7b41f-5d7c-4b83-bdd4-9cddc6b5b665', 91, 30);
INSERT INTO inventoryItems (inventoryItemId, inventoryItemUUID, bookId, sellerId) VALUES (53, '7d5f5350-e450-4a75-b1a1-f0af047d1375', 91, 22);
INSERT INTO inventoryItems (inventoryItemId, inventoryItemUUID, bookId, sellerId) VALUES (54, '793869cd-c369-4b96-8654-c592826e1d6d', 29, 5);
INSERT INTO inventoryItems (inventoryItemId, inventoryItemUUID, bookId, sellerId) VALUES (55, '1648b44a-a41f-43a3-b92a-373045f9bc7d', 71, 25);
INSERT INTO inventoryItems (inventoryItemId, inventoryItemUUID, bookId, sellerId) VALUES (56, 'f23dfe9e-09bc-4452-814c-ca93c20f513c', 96, 26);
INSERT INTO inventoryItems (inventoryItemId, inventoryItemUUID, bookId, sellerId) VALUES (57, '739def7b-dd65-43ee-bca1-9760c9c2ebef', 5, 11);
INSERT INTO inventoryItems (inventoryItemId, inventoryItemUUID, bookId, sellerId) VALUES (58, 'b07b9d39-60b2-45d4-ace8-320012eb60bf', 46, 5);
INSERT INTO inventoryItems (inventoryItemId, inventoryItemUUID, bookId, sellerId) VALUES (59, 'bdbcd9e3-c7cc-4e6c-bbb8-beec27e7b701', 25, 2);
INSERT INTO inventoryItems (inventoryItemId, inventoryItemUUID, bookId, sellerId) VALUES (60, '44c64a90-4131-496a-80cd-7cdeee0c20b1', 23, 27);
INSERT INTO inventoryItems (inventoryItemId, inventoryItemUUID, bookId, sellerId) VALUES (61, '9ffb6f8f-8c85-4947-bd65-89f16723f297', 91, 23);
INSERT INTO inventoryItems (inventoryItemId, inventoryItemUUID, bookId, sellerId) VALUES (62, '5d0d09ad-fa0e-4b71-9885-01a08178de2f', 3, 24);
INSERT INTO inventoryItems (inventoryItemId, inventoryItemUUID, bookId, sellerId) VALUES (63, 'a6b69008-7390-4561-a238-1c1b90d3352a', 14, 9);
INSERT INTO inventoryItems (inventoryItemId, inventoryItemUUID, bookId, sellerId) VALUES (64, '23361062-647f-4703-a958-0fad2ace0e8f', 83, 6);
INSERT INTO inventoryItems (inventoryItemId, inventoryItemUUID, bookId, sellerId) VALUES (65, 'af1c5069-3ae3-4ea2-b14e-4dbe4baaabf6', 5, 2);
INSERT INTO inventoryItems (inventoryItemId, inventoryItemUUID, bookId, sellerId) VALUES (66, '245cef6e-5d91-46f4-a89a-e5a9609e2e13', 21, 29);
INSERT INTO inventoryItems (inventoryItemId, inventoryItemUUID, bookId, sellerId) VALUES (67, '608e29e4-53c6-4e1a-b490-c2ec1dbcfc5d', 41, 27);
INSERT INTO inventoryItems (inventoryItemId, inventoryItemUUID, bookId, sellerId) VALUES (68, '1555ca70-3c19-434c-b71d-8c4a1a9a2f2d', 63, 3);
INSERT INTO inventoryItems (inventoryItemId, inventoryItemUUID, bookId, sellerId) VALUES (69, 'c8d5dfe3-14b1-4f60-878c-a92be8829146', 28, 1);
INSERT INTO inventoryItems (inventoryItemId, inventoryItemUUID, bookId, sellerId) VALUES (70, 'f846458b-628f-48f4-b7ef-6a324faa37d7', 58, 13);
INSERT INTO inventoryItems (inventoryItemId, inventoryItemUUID, bookId, sellerId) VALUES (71, '7f3c905b-c88d-4cc1-91a8-841bce22c942', 77, 28);
INSERT INTO inventoryItems (inventoryItemId, inventoryItemUUID, bookId, sellerId) VALUES (72, 'b49cd459-e654-4333-8ac0-54561ac0364a', 96, 24);
INSERT INTO inventoryItems (inventoryItemId, inventoryItemUUID, bookId, sellerId) VALUES (73, 'db367bc2-196f-43c5-9124-cc1cfbc5f3c3', 10, 1);
INSERT INTO inventoryItems (inventoryItemId, inventoryItemUUID, bookId, sellerId) VALUES (74, '3ec08bd0-cb6f-4afd-ac65-f1a1fdca8630', 47, 1);
INSERT INTO inventoryItems (inventoryItemId, inventoryItemUUID, bookId, sellerId) VALUES (75, 'f8becc3e-9d19-43b0-a1f3-37c5ea4459c3', 22, 17);
INSERT INTO inventoryItems (inventoryItemId, inventoryItemUUID, bookId, sellerId) VALUES (76, 'f0a60eda-ef38-43b8-89de-15633f34299f', 6, 29);
INSERT INTO inventoryItems (inventoryItemId, inventoryItemUUID, bookId, sellerId) VALUES (77, '4ff04514-cd6d-4aa6-b315-8c592194d87e', 67, 19);
INSERT INTO inventoryItems (inventoryItemId, inventoryItemUUID, bookId, sellerId) VALUES (78, 'f76412e8-f0fb-4f87-bc86-65f379ac61b2', 32, 2);
INSERT INTO inventoryItems (inventoryItemId, inventoryItemUUID, bookId, sellerId) VALUES (79, 'f198e500-75b8-482b-ade4-1deffc455127', 38, 23);
INSERT INTO inventoryItems (inventoryItemId, inventoryItemUUID, bookId, sellerId) VALUES (80, '4b6a4792-806b-429d-8562-624c1b20e143', 92, 29);
INSERT INTO inventoryItems (inventoryItemId, inventoryItemUUID, bookId, sellerId) VALUES (81, '6063a788-4291-429b-9f10-aa03488dbedb', 84, 13);
INSERT INTO inventoryItems (inventoryItemId, inventoryItemUUID, bookId, sellerId) VALUES (82, '0c8cd370-dae1-4ae4-b7cc-d8de3268358f', 62, 5);
INSERT INTO inventoryItems (inventoryItemId, inventoryItemUUID, bookId, sellerId) VALUES (83, '4fafa35a-f55e-467f-b402-0b9519b213ea', 17, 12);
INSERT INTO inventoryItems (inventoryItemId, inventoryItemUUID, bookId, sellerId) VALUES (84, 'ec41c57d-d11b-43f6-8c8b-8b150ad1f12c', 23, 8);
INSERT INTO inventoryItems (inventoryItemId, inventoryItemUUID, bookId, sellerId) VALUES (85, 'dfaa3bab-d476-44bf-a238-906c52fd17be', 58, 1);
INSERT INTO inventoryItems (inventoryItemId, inventoryItemUUID, bookId, sellerId) VALUES (86, '32f1ca81-7851-4ebd-b076-a1586fa097f0', 75, 25);
INSERT INTO inventoryItems (inventoryItemId, inventoryItemUUID, bookId, sellerId) VALUES (87, '0497b280-b937-4141-853c-106f95aaacd4', 49, 11);
INSERT INTO inventoryItems (inventoryItemId, inventoryItemUUID, bookId, sellerId) VALUES (88, '60416dc1-37a9-4be6-a872-b36ade147f60', 36, 10);
INSERT INTO inventoryItems (inventoryItemId, inventoryItemUUID, bookId, sellerId) VALUES (89, '611bb3a5-e411-4e96-87d1-bd53dfd25c9a', 9, 9);
INSERT INTO inventoryItems (inventoryItemId, inventoryItemUUID, bookId, sellerId) VALUES (90, '7cf1b594-1e6a-49bd-9932-f5548d7bf0c4', 55, 2);
INSERT INTO inventoryItems (inventoryItemId, inventoryItemUUID, bookId, sellerId) VALUES (91, '8b28a6f2-bc5b-4a22-8c8e-751da69d1d2c', 69, 21);
INSERT INTO inventoryItems (inventoryItemId, inventoryItemUUID, bookId, sellerId) VALUES (92, 'a88d004b-92ec-403e-90d3-474a22389f18', 9, 23);
INSERT INTO inventoryItems (inventoryItemId, inventoryItemUUID, bookId, sellerId) VALUES (93, 'f8308c95-e9d9-445e-8fee-7cafbcd8b6a2', 73, 1);
INSERT INTO inventoryItems (inventoryItemId, inventoryItemUUID, bookId, sellerId) VALUES (94, '9ec5216b-6d89-417b-b22a-db9eb6da01d8', 100, 11);
INSERT INTO inventoryItems (inventoryItemId, inventoryItemUUID, bookId, sellerId) VALUES (95, '601b90df-8a21-46ec-9a29-aba4472cdd43', 5, 9);
INSERT INTO inventoryItems (inventoryItemId, inventoryItemUUID, bookId, sellerId) VALUES (96, 'a6ad2c42-16d1-4a4b-876c-1f7ea7397d44', 94, 12);
INSERT INTO inventoryItems (inventoryItemId, inventoryItemUUID, bookId, sellerId) VALUES (97, '43e38a2d-89ba-41c5-aa17-19199f4fdc83', 90, 10);
INSERT INTO inventoryItems (inventoryItemId, inventoryItemUUID, bookId, sellerId) VALUES (98, '61929149-0b26-4044-ad07-44865feb263b', 2, 8);
INSERT INTO inventoryItems (inventoryItemId, inventoryItemUUID, bookId, sellerId) VALUES (99, 'a6f3923d-47f8-4ef2-9cb3-012c79efd665', 4, 8);
INSERT INTO inventoryItems (inventoryItemId, inventoryItemUUID, bookId, sellerId) VALUES (100, '6885c9e9-ecc0-40e7-9cf6-78a069ba2baf', 27, 19);
INSERT INTO inventoryItems (inventoryItemId, inventoryItemUUID, bookId, sellerId) VALUES (101, '92b6482c-1321-4fde-a88b-13f5e87bcbb3', 89, 12);
INSERT INTO inventoryItems (inventoryItemId, inventoryItemUUID, bookId, sellerId) VALUES (102, '0723cd92-e3ce-4287-b2cd-c865e9d5c7b1', 2, 22);
INSERT INTO inventoryItems (inventoryItemId, inventoryItemUUID, bookId, sellerId) VALUES (103, '513dc5eb-2524-4707-bada-9b0de7ece1f3', 65, 22);
INSERT INTO inventoryItems (inventoryItemId, inventoryItemUUID, bookId, sellerId) VALUES (104, '64ba0377-b591-475e-91a7-065f535514d0', 41, 3);
INSERT INTO inventoryItems (inventoryItemId, inventoryItemUUID, bookId, sellerId) VALUES (105, 'dbf6fe40-457e-41b2-8ac3-1d7514f8afdd', 43, 27);
INSERT INTO inventoryItems (inventoryItemId, inventoryItemUUID, bookId, sellerId) VALUES (106, '3b8530eb-dd30-42ea-87f1-3e76a76386f4', 38, 2);
INSERT INTO inventoryItems (inventoryItemId, inventoryItemUUID, bookId, sellerId) VALUES (107, 'd1691d0d-4635-4a38-bbfa-1ad904275457', 55, 24);
INSERT INTO inventoryItems (inventoryItemId, inventoryItemUUID, bookId, sellerId) VALUES (108, '8b34e232-2b85-45ba-a232-25688c81fc67', 81, 26);
INSERT INTO inventoryItems (inventoryItemId, inventoryItemUUID, bookId, sellerId) VALUES (109, 'e6be50b4-e5a3-408d-b2b6-ff0ff0ed9bca', 35, 6);
INSERT INTO inventoryItems (inventoryItemId, inventoryItemUUID, bookId, sellerId) VALUES (110, 'c149e4f8-0577-4067-ab65-874f9de4f536', 80, 19);
INSERT INTO inventoryItems (inventoryItemId, inventoryItemUUID, bookId, sellerId) VALUES (111, 'e4659c52-39d0-404c-b5b8-d57d1004df66', 60, 11);
INSERT INTO inventoryItems (inventoryItemId, inventoryItemUUID, bookId, sellerId) VALUES (112, 'e0de5a8b-a28e-4897-9ae0-85a7484fbeff', 94, 17);
INSERT INTO inventoryItems (inventoryItemId, inventoryItemUUID, bookId, sellerId) VALUES (113, '477af4ca-31ef-490c-8676-e761e2297352', 81, 5);
INSERT INTO inventoryItems (inventoryItemId, inventoryItemUUID, bookId, sellerId) VALUES (114, 'db398571-03e5-4ee8-98ef-f3c3284bfdf5', 57, 27);
INSERT INTO inventoryItems (inventoryItemId, inventoryItemUUID, bookId, sellerId) VALUES (115, '2a6a9d63-0510-4143-9116-683a7c2b78c7', 37, 26);
INSERT INTO inventoryItems (inventoryItemId, inventoryItemUUID, bookId, sellerId) VALUES (116, 'fc776ab9-bf5b-41b8-b351-7eef945fab02', 7, 19);
INSERT INTO inventoryItems (inventoryItemId, inventoryItemUUID, bookId, sellerId) VALUES (117, 'd77c7e46-7fec-4723-9d51-e122230a3e47', 93, 1);
INSERT INTO inventoryItems (inventoryItemId, inventoryItemUUID, bookId, sellerId) VALUES (118, '98977081-a65b-4514-9dc2-03e954dbc444', 37, 17);
INSERT INTO inventoryItems (inventoryItemId, inventoryItemUUID, bookId, sellerId) VALUES (119, '4ff0da96-8c8e-4854-9a5d-987ea2368c91', 81, 5);
INSERT INTO inventoryItems (inventoryItemId, inventoryItemUUID, bookId, sellerId) VALUES (120, '5ebb6da0-650f-4d8f-8b41-3487d8d3cb0a', 46, 11);
INSERT INTO inventoryItems (inventoryItemId, inventoryItemUUID, bookId, sellerId) VALUES (121, '72043565-89e6-4233-bb17-87a95c23ef7c', 52, 26);
INSERT INTO inventoryItems (inventoryItemId, inventoryItemUUID, bookId, sellerId) VALUES (122, '861dd138-389f-48c6-8d5c-f409d72386d2', 83, 10);
INSERT INTO inventoryItems (inventoryItemId, inventoryItemUUID, bookId, sellerId) VALUES (123, 'a908f22e-9f9e-4c56-9406-dcae5ea84e5c', 81, 12);
INSERT INTO inventoryItems (inventoryItemId, inventoryItemUUID, bookId, sellerId) VALUES (124, '4652392c-39f3-4a7f-83e1-6ac80cb44231', 48, 24);
INSERT INTO inventoryItems (inventoryItemId, inventoryItemUUID, bookId, sellerId) VALUES (125, 'ee43891c-6690-4d44-b76d-b45061871f21', 34, 26);
INSERT INTO inventoryItems (inventoryItemId, inventoryItemUUID, bookId, sellerId) VALUES (126, '2537a122-87c9-4b1f-ab8d-f732b3e4b6bb', 98, 7);
INSERT INTO inventoryItems (inventoryItemId, inventoryItemUUID, bookId, sellerId) VALUES (127, 'de3679ec-dbe4-4b6e-99f9-4c04e6d3a2bb', 68, 6);
INSERT INTO inventoryItems (inventoryItemId, inventoryItemUUID, bookId, sellerId) VALUES (128, '10d9df9b-a903-45a3-b6af-dad705e5d953', 69, 20);
INSERT INTO inventoryItems (inventoryItemId, inventoryItemUUID, bookId, sellerId) VALUES (129, 'e8621525-1994-4da5-a836-55f8eb912990', 39, 7);
INSERT INTO inventoryItems (inventoryItemId, inventoryItemUUID, bookId, sellerId) VALUES (130, '8c15bfb6-8ae6-4f23-9110-a6b20710a832', 48, 9);
INSERT INTO inventoryItems (inventoryItemId, inventoryItemUUID, bookId, sellerId) VALUES (131, '87b4f8c6-0a9c-45a0-8bbf-e6b45e2be644', 12, 18);
INSERT INTO inventoryItems (inventoryItemId, inventoryItemUUID, bookId, sellerId) VALUES (132, '03a2453f-7db0-4c29-bef7-ca55f98bb3e7', 40, 2);
INSERT INTO inventoryItems (inventoryItemId, inventoryItemUUID, bookId, sellerId) VALUES (133, 'eeadbc55-b768-40c5-8b56-909db664f499', 10, 30);
INSERT INTO inventoryItems (inventoryItemId, inventoryItemUUID, bookId, sellerId) VALUES (134, '29024227-9308-4b5a-ae07-a10146b5c0dc', 88, 4);
INSERT INTO inventoryItems (inventoryItemId, inventoryItemUUID, bookId, sellerId) VALUES (135, '88e937ea-ec22-45f0-8016-c2879a54a78c', 52, 11);
INSERT INTO inventoryItems (inventoryItemId, inventoryItemUUID, bookId, sellerId) VALUES (136, '4ba7cf6f-9b00-4eb8-b885-f2124a6ebfca', 73, 3);
INSERT INTO inventoryItems (inventoryItemId, inventoryItemUUID, bookId, sellerId) VALUES (137, 'f32d1466-7c7f-463b-a5a5-3bef02a55db0', 49, 20);
INSERT INTO inventoryItems (inventoryItemId, inventoryItemUUID, bookId, sellerId) VALUES (138, '764674be-6b3a-4ab4-9c11-83f79d0782f4', 83, 16);
INSERT INTO inventoryItems (inventoryItemId, inventoryItemUUID, bookId, sellerId) VALUES (139, '105673b5-e5a8-4fc2-b768-cd77eca0579f', 53, 29);
INSERT INTO inventoryItems (inventoryItemId, inventoryItemUUID, bookId, sellerId) VALUES (140, '7658fa83-04f4-4e45-8ad9-3d083110dcfd', 64, 5);
INSERT INTO inventoryItems (inventoryItemId, inventoryItemUUID, bookId, sellerId) VALUES (141, 'fd2794ee-74dd-4a5c-9f33-f4dd235138b3', 61, 15);
INSERT INTO inventoryItems (inventoryItemId, inventoryItemUUID, bookId, sellerId) VALUES (142, 'f28317ef-ae09-4121-a132-efb10b9b9088', 89, 12);
INSERT INTO inventoryItems (inventoryItemId, inventoryItemUUID, bookId, sellerId) VALUES (143, 'bd609c9e-2f3e-4d2d-a1f8-1b5a4909f024', 27, 25);
INSERT INTO inventoryItems (inventoryItemId, inventoryItemUUID, bookId, sellerId) VALUES (144, 'b0afba3e-3da8-4bd1-a686-7db12f073baf', 96, 7);
INSERT INTO inventoryItems (inventoryItemId, inventoryItemUUID, bookId, sellerId) VALUES (145, 'ced96530-fb11-48f6-abd4-fd2c54842d8f', 32, 6);
INSERT INTO inventoryItems (inventoryItemId, inventoryItemUUID, bookId, sellerId) VALUES (146, '5c971aa9-1798-4e31-8b89-45e756ed0213', 84, 14);
INSERT INTO inventoryItems (inventoryItemId, inventoryItemUUID, bookId, sellerId) VALUES (147, '2ad1c0f4-d7b4-4288-9a0f-f19043b5c1be', 94, 20);
INSERT INTO inventoryItems (inventoryItemId, inventoryItemUUID, bookId, sellerId) VALUES (148, '2adf63ab-d04d-4ad7-839d-de0cb1c795fc', 38, 24);
INSERT INTO inventoryItems (inventoryItemId, inventoryItemUUID, bookId, sellerId) VALUES (149, '42758522-c170-4f34-aa24-45e6732e4335', 78, 6);
INSERT INTO inventoryItems (inventoryItemId, inventoryItemUUID, bookId, sellerId) VALUES (150, '9618a6f8-0ae9-421f-892a-377d0918beac', 29, 8);
INSERT INTO inventoryItems (inventoryItemId, inventoryItemUUID, bookId, sellerId) VALUES (151, 'ffa4ce62-05ae-46d9-9274-74ba433f470f', 46, 22);
INSERT INTO inventoryItems (inventoryItemId, inventoryItemUUID, bookId, sellerId) VALUES (152, '6867509a-5edf-49e1-b456-d9885932b71e', 24, 16);
INSERT INTO inventoryItems (inventoryItemId, inventoryItemUUID, bookId, sellerId) VALUES (153, 'e14718c2-40e9-4068-96ae-78c85f25cad4', 71, 29);
INSERT INTO inventoryItems (inventoryItemId, inventoryItemUUID, bookId, sellerId) VALUES (154, 'eb149dc6-4c77-4b89-9086-acab3944a607', 93, 29);
INSERT INTO inventoryItems (inventoryItemId, inventoryItemUUID, bookId, sellerId) VALUES (155, '216b9c91-0569-48c1-b1e7-8a2200ceb928', 47, 19);
INSERT INTO inventoryItems (inventoryItemId, inventoryItemUUID, bookId, sellerId) VALUES (156, '391e6259-d220-4c02-b7df-4cd4ae33910b', 64, 8);
INSERT INTO inventoryItems (inventoryItemId, inventoryItemUUID, bookId, sellerId) VALUES (157, '3e5de72f-f065-4fe7-a9a8-882dcd78d063', 19, 3);
INSERT INTO inventoryItems (inventoryItemId, inventoryItemUUID, bookId, sellerId) VALUES (158, 'efcc073e-6c68-4c59-b45c-24a830e0be73', 59, 15);
INSERT INTO inventoryItems (inventoryItemId, inventoryItemUUID, bookId, sellerId) VALUES (159, '8a665b78-90a0-46a8-aa75-7a75ffdb59d9', 61, 11);
INSERT INTO inventoryItems (inventoryItemId, inventoryItemUUID, bookId, sellerId) VALUES (160, 'cf322d47-f9b3-47ab-a5f7-a80c27872ce0', 47, 5);
INSERT INTO inventoryItems (inventoryItemId, inventoryItemUUID, bookId, sellerId) VALUES (161, '19684298-baf9-45e8-8d54-96930ff6fbd3', 35, 23);
INSERT INTO inventoryItems (inventoryItemId, inventoryItemUUID, bookId, sellerId) VALUES (162, '26bd283b-7363-4f25-b23e-ba74579bf6ad', 38, 16);
INSERT INTO inventoryItems (inventoryItemId, inventoryItemUUID, bookId, sellerId) VALUES (163, 'b858305e-c806-4544-adbb-3c19469bc64e', 82, 13);
INSERT INTO inventoryItems (inventoryItemId, inventoryItemUUID, bookId, sellerId) VALUES (164, '2b7a2522-9645-4110-82db-2b7fddeb49b9', 15, 23);
INSERT INTO inventoryItems (inventoryItemId, inventoryItemUUID, bookId, sellerId) VALUES (165, '80f4b239-c399-4e2f-b028-5fc531341f3f', 66, 15);
INSERT INTO inventoryItems (inventoryItemId, inventoryItemUUID, bookId, sellerId) VALUES (166, 'f36181da-e803-40ef-a52d-f8935ef6013c', 53, 12);
INSERT INTO inventoryItems (inventoryItemId, inventoryItemUUID, bookId, sellerId) VALUES (167, 'a500c4cb-f263-4199-88ed-16afc588c20c', 85, 23);
INSERT INTO inventoryItems (inventoryItemId, inventoryItemUUID, bookId, sellerId) VALUES (168, 'd3d47128-3b9b-4c4e-bbd1-d56f7b8d93f9', 36, 29);
INSERT INTO inventoryItems (inventoryItemId, inventoryItemUUID, bookId, sellerId) VALUES (169, '86fd687b-7988-4f82-99c3-93cab855ca31', 43, 18);
INSERT INTO inventoryItems (inventoryItemId, inventoryItemUUID, bookId, sellerId) VALUES (170, 'cced3dca-966c-4866-9af5-7f5250ecf2d8', 92, 10);
INSERT INTO inventoryItems (inventoryItemId, inventoryItemUUID, bookId, sellerId) VALUES (171, '8bcdf630-8840-436d-b18c-41643c6512c7', 19, 22);
INSERT INTO inventoryItems (inventoryItemId, inventoryItemUUID, bookId, sellerId) VALUES (172, '023daa79-bae7-4984-b6c0-b165002362e7', 34, 17);
INSERT INTO inventoryItems (inventoryItemId, inventoryItemUUID, bookId, sellerId) VALUES (173, '96dca9e2-3247-492d-a0e5-971f28d41d12', 55, 28);
INSERT INTO inventoryItems (inventoryItemId, inventoryItemUUID, bookId, sellerId) VALUES (174, '94c7a8f6-f172-4983-a9d3-fcbc8a66e8a0', 61, 12);
INSERT INTO inventoryItems (inventoryItemId, inventoryItemUUID, bookId, sellerId) VALUES (175, 'f97db3fd-1fa4-48d2-8170-0bf4d3b0c9b1', 85, 26);
INSERT INTO inventoryItems (inventoryItemId, inventoryItemUUID, bookId, sellerId) VALUES (176, 'bc145fee-f970-4bc7-8b0a-e4403c1722b9', 1, 1);
INSERT INTO inventoryItems (inventoryItemId, inventoryItemUUID, bookId, sellerId) VALUES (177, 'a26f4e97-1998-4604-8f95-0ac2d219ab67', 69, 23);
INSERT INTO inventoryItems (inventoryItemId, inventoryItemUUID, bookId, sellerId) VALUES (178, '67534fff-fb2e-4d0d-8c24-d9b17644f969', 29, 4);
INSERT INTO inventoryItems (inventoryItemId, inventoryItemUUID, bookId, sellerId) VALUES (179, '125e6350-82e7-4af7-9a81-45b718a62ef7', 6, 2);
INSERT INTO inventoryItems (inventoryItemId, inventoryItemUUID, bookId, sellerId) VALUES (180, 'd7654719-40cd-4d13-ac3c-bf1219642908', 81, 7);
INSERT INTO inventoryItems (inventoryItemId, inventoryItemUUID, bookId, sellerId) VALUES (181, '56a8c988-5838-4244-a0c3-46d7d4cf03f8', 8, 30);
INSERT INTO inventoryItems (inventoryItemId, inventoryItemUUID, bookId, sellerId) VALUES (182, '25223b9b-fbf4-4e00-822f-d9ae949900d0', 45, 25);
INSERT INTO inventoryItems (inventoryItemId, inventoryItemUUID, bookId, sellerId) VALUES (183, 'd09ef592-5c89-4dce-ba28-0c020a9e8597', 69, 5);
INSERT INTO inventoryItems (inventoryItemId, inventoryItemUUID, bookId, sellerId) VALUES (184, '082f8d35-ca4c-41e5-883b-7db8e79c7cb0', 72, 14);
INSERT INTO inventoryItems (inventoryItemId, inventoryItemUUID, bookId, sellerId) VALUES (185, '76d94d4c-ff00-416c-865a-cc4f4f4f8921', 89, 25);
INSERT INTO inventoryItems (inventoryItemId, inventoryItemUUID, bookId, sellerId) VALUES (186, 'e80d9fe6-92b2-4f9d-a96c-a8dc9edcb20a', 80, 11);
INSERT INTO inventoryItems (inventoryItemId, inventoryItemUUID, bookId, sellerId) VALUES (187, '176b82ba-0cad-4422-a8b8-34b27211b68f', 98, 28);
INSERT INTO inventoryItems (inventoryItemId, inventoryItemUUID, bookId, sellerId) VALUES (188, 'f663a2a6-88e2-4717-a73d-045117f15e4e', 8, 10);
INSERT INTO inventoryItems (inventoryItemId, inventoryItemUUID, bookId, sellerId) VALUES (189, '2daa73b7-767d-4854-b86e-e9ec34d8cd14', 57, 5);
INSERT INTO inventoryItems (inventoryItemId, inventoryItemUUID, bookId, sellerId) VALUES (190, 'f4d7d097-795f-4fc3-845c-15a4e913efbf', 70, 5);
INSERT INTO inventoryItems (inventoryItemId, inventoryItemUUID, bookId, sellerId) VALUES (191, 'daeb5853-8741-41f8-8ca7-aa3b9ae5cde9', 12, 17);
INSERT INTO inventoryItems (inventoryItemId, inventoryItemUUID, bookId, sellerId) VALUES (192, '78c40205-bd8e-44a7-864d-4e0615a66f51', 3, 20);
INSERT INTO inventoryItems (inventoryItemId, inventoryItemUUID, bookId, sellerId) VALUES (193, '06d17307-531c-4714-93bd-7522c3cb568b', 22, 2);
INSERT INTO inventoryItems (inventoryItemId, inventoryItemUUID, bookId, sellerId) VALUES (194, '3d088d67-ddef-43e7-b80f-fb7bae53e22b', 70, 26);
INSERT INTO inventoryItems (inventoryItemId, inventoryItemUUID, bookId, sellerId) VALUES (195, 'c47c2405-6c80-4378-8774-95a49ab1bde9', 18, 3);
INSERT INTO inventoryItems (inventoryItemId, inventoryItemUUID, bookId, sellerId) VALUES (196, 'f4af1d91-2ea3-4763-a6a3-e5fe7ac2fe2d', 4, 7);
INSERT INTO inventoryItems (inventoryItemId, inventoryItemUUID, bookId, sellerId) VALUES (197, 'b352efe7-6632-4449-9edd-8ab5c29fb3b9', 17, 17);
INSERT INTO inventoryItems (inventoryItemId, inventoryItemUUID, bookId, sellerId) VALUES (198, '8b243d5b-41fd-4509-ad9f-45c0313b1689', 25, 24);
INSERT INTO inventoryItems (inventoryItemId, inventoryItemUUID, bookId, sellerId) VALUES (199, '1710dfde-0ede-4046-a452-95e2872b3c52', 47, 4);
INSERT INTO inventoryItems (inventoryItemId, inventoryItemUUID, bookId, sellerId) VALUES (200, 'f22f30ae-4751-40a6-8643-93b9676ed178', 74, 3);
INSERT INTO orders (orderId, orderUUID, buyerId, date, location) VALUES (1, '2bbc8e50-2a21-42f5-882b-e4461bdfd5a3', 24, '2024-11-03', '74687 Angela Throughway Suite 036, West Craigchester, IA 08294');
INSERT INTO orders (orderId, orderUUID, buyerId, date, location) VALUES (2, 'c1dd33ef-02c0-4bf1-bd5c-0944649cac01', 38, '2024-07-04', '81164 White Underpass Apt. 008, West Audreyfurt, ME 90312');
INSERT INTO orders (orderId, orderUUID, buyerId, date, location) VALUES (3, '6b3540eb-5049-43fc-873f-0013597827b9', 47, '2025-05-05', '26508 Schwartz Centers, Port Davidfurt, AL 79611');
INSERT INTO orders (orderId, orderUUID, buyerId, date, location) VALUES (4, '6d8c716d-b072-4509-9d77-8b0d5f7a7181', 10, '2025-03-05', '168 Margaret Knolls, Troyport, FM 63154');
INSERT INTO orders (orderId, orderUUID, buyerId, date, location) VALUES (5, 'ca98eb71-f224-4ad5-a520-5a04d0883dd6', 41, '2025-05-21', '33828 Brooks Highway Apt. 193, Jenniferborough, CT 86155');
INSERT INTO orders (orderId, orderUUID, buyerId, date, location) VALUES (6, '247a92de-c21e-4939-8654-a03781685a0c', 14, '2024-10-14', '064 David Spurs, Woodton, OH 37056');
INSERT INTO orders (orderId, orderUUID, buyerId, date, location) VALUES (7, 'cf86cfc7-bb04-42a4-ab3d-dc751d7b76ba', 30, '2024-07-19', '9773 Ryan Walks, Holtfort, FM 88091');
INSERT INTO orders (orderId, orderUUID, buyerId, date, location) VALUES (8, '4d739beb-8829-4669-9f06-a418d7055bef', 43, '2024-06-18', '07685 Howard Crossing, Danielport, CA 38626');
INSERT INTO orders (orderId, orderUUID, buyerId, date, location) VALUES (9, '9703aef8-ff8f-4a91-b990-8c80f9d12faa', 41, '2024-12-28', 'PSC 8989, Box 3935, APO AE 07865');
INSERT INTO orders (orderId, orderUUID, buyerId, date, location) VALUES (10, '7d75ee85-d263-42be-8ec0-27ed2a0ddc2d', 40, '2025-02-04', '313 Kemp Circle Apt. 361, Paulberg, NH 79426');
INSERT INTO orders (orderId, orderUUID, buyerId, date, location) VALUES (11, '6a4ba124-8c5d-4de8-82a2-fc278ea579ed', 38, '2024-11-21', 'PSC 3740, Box 1921, APO AE 23550');
INSERT INTO orders (orderId, orderUUID, buyerId, date, location) VALUES (12, 'a835a018-c992-4893-a7c4-0369203f6b00', 49, '2024-07-10', 'Unit 1840 Box 9996, DPO AP 09955');
INSERT INTO orders (orderId, orderUUID, buyerId, date, location) VALUES (13, '9bf66954-22cc-4055-b569-f5e0ce0cf747', 31, '2024-05-28', '4987 Johnston Shores Apt. 489, Hunterbury, GA 45701');
INSERT INTO orders (orderId, orderUUID, buyerId, date, location) VALUES (14, 'cf38bf21-61e1-4448-8680-a9297d425de3', 16, '2024-06-28', '8752 Paul Forge, North Michelle, ND 56263');
INSERT INTO orders (orderId, orderUUID, buyerId, date, location) VALUES (15, 'df05b289-d28e-4573-aa9f-51e2e944429e', 36, '2024-10-28', '833 William Trail, Stacyberg, GU 90443');
INSERT INTO orders (orderId, orderUUID, buyerId, date, location) VALUES (16, '4a5c1142-bbb3-4aa8-a942-f78f262765ac', 42, '2025-02-26', 'PSC 8145, Box 0735, APO AP 81930');
INSERT INTO orders (orderId, orderUUID, buyerId, date, location) VALUES (17, 'c6b8a814-8290-43d2-bca5-64352af9fa80', 32, '2024-11-20', '1978 Jessica Crossroad, Anthonyberg, NJ 41639');
INSERT INTO orders (orderId, orderUUID, buyerId, date, location) VALUES (18, '875ba326-70a4-4ec0-b71f-7f4efa2e5e0a', 47, '2025-03-29', '10007 Julie Keys, East Virginiachester, SD 13713');
INSERT INTO orders (orderId, orderUUID, buyerId, date, location) VALUES (19, '4f1695a8-0971-4ef8-bb91-92bf18d597d3', 31, '2024-06-08', '50372 Daniel Corners, Kimberlyview, KY 21955');
INSERT INTO orders (orderId, orderUUID, buyerId, date, location) VALUES (20, 'cd507763-99f6-4db7-a7cc-5ec1897dbcad', 29, '2024-10-17', '86298 Sherman Falls Apt. 876, Danielville, MP 26749');
INSERT INTO orders (orderId, orderUUID, buyerId, date, location) VALUES (21, 'f8f8e106-efd2-4c6d-a61c-afaeb8566d2c', 19, '2024-09-27', '73621 Adams Unions Suite 733, Port Adamland, IL 25857');
INSERT INTO orders (orderId, orderUUID, buyerId, date, location) VALUES (22, '9962ba78-3a26-4230-8002-06cefbc3d843', 21, '2024-07-17', '113 Brown Dam, Marissahaven, OR 16248');
INSERT INTO orders (orderId, orderUUID, buyerId, date, location) VALUES (23, '0bdcc0ad-8c0b-4ce3-93ee-1604c3e2383a', 10, '2024-10-09', '2632 Johnson Flat Suite 113, North Stephanieburgh, WY 50199');
INSERT INTO orders (orderId, orderUUID, buyerId, date, location) VALUES (24, '2f7ad4ec-49db-407e-b915-cffc98edc862', 1, '2025-01-19', '016 Wyatt Trafficway, Johnsonchester, AZ 12524');
INSERT INTO orders (orderId, orderUUID, buyerId, date, location) VALUES (25, '960de987-fbba-4c66-8884-dd4a6fce9847', 42, '2025-01-29', '04656 Kenneth Corners, Brooksborough, KY 65111');
INSERT INTO orders (orderId, orderUUID, buyerId, date, location) VALUES (26, '5a16d7f0-7217-43f4-9630-456438597edd', 13, '2024-06-13', '5551 Jessica Pike Apt. 132, Marshallport, NV 05765');
INSERT INTO orders (orderId, orderUUID, buyerId, date, location) VALUES (27, '4286b807-afc8-41f0-82dd-f995fa06fb39', 7, '2024-09-24', '472 Christina Forks, East Stevenberg, IN 59930');
INSERT INTO orders (orderId, orderUUID, buyerId, date, location) VALUES (28, '7d6f545c-7755-4bed-8ada-7044e0314475', 14, '2024-09-22', '3024 Chang Parkway Suite 348, East Josephbury, OH 14751');
INSERT INTO orders (orderId, orderUUID, buyerId, date, location) VALUES (29, '42600438-e9e0-475b-9126-870064553ed1', 31, '2025-05-16', '2654 Jocelyn Tunnel Suite 302, South Raymondtown, PW 06218');
INSERT INTO orders (orderId, orderUUID, buyerId, date, location) VALUES (30, '6d06b557-4c0a-4106-9203-ab024bcdc9b9', 11, '2025-05-18', '8978 Alyssa Manor Apt. 460, New Amandahaven, GA 66542');
INSERT INTO orders (orderId, orderUUID, buyerId, date, location) VALUES (31, '62c9a023-9cff-4db8-ab8b-22f64be5b91f', 27, '2024-10-07', '117 Blake Drive Suite 806, Carolinefurt, IN 89761');
INSERT INTO orders (orderId, orderUUID, buyerId, date, location) VALUES (32, 'd587c53a-85a4-4246-ac86-75df1f1a73af', 18, '2024-08-17', '11397 David Crescent, Lisahaven, LA 15600');
INSERT INTO orders (orderId, orderUUID, buyerId, date, location) VALUES (33, 'a883bb04-1c8d-41cd-b497-c48fe064dec8', 43, '2024-09-02', '23217 Gentry Via Apt. 857, North Angela, MP 36160');
INSERT INTO orders (orderId, orderUUID, buyerId, date, location) VALUES (34, '8905db8b-e242-44b8-878c-bbda392cab61', 11, '2024-06-03', '63691 Rogers Gardens, West Andrew, NC 53851');
INSERT INTO orders (orderId, orderUUID, buyerId, date, location) VALUES (35, 'a3887c8e-1224-4199-a60c-77338d9cdea9', 21, '2024-10-17', '6049 Jillian Circle Suite 304, Cindyville, VT 81878');
INSERT INTO orders (orderId, orderUUID, buyerId, date, location) VALUES (36, 'd61e23b9-321b-479e-ae28-ec03ad8c56ea', 11, '2024-11-03', '5631 Whitney Station Apt. 660, Port Waynemouth, VT 59241');
INSERT INTO orders (orderId, orderUUID, buyerId, date, location) VALUES (37, '30f90eb9-df4d-49a6-a44f-b83075e28161', 32, '2024-12-16', '2649 Thomas Freeway Apt. 516, Lake Vernon, ME 57254');
INSERT INTO orders (orderId, orderUUID, buyerId, date, location) VALUES (38, '7e3da1bf-6b43-485e-b91d-88fc84fc482a', 34, '2024-07-01', '82603 Rogers Prairie, Crossburgh, CA 87845');
INSERT INTO orders (orderId, orderUUID, buyerId, date, location) VALUES (39, 'f8407668-8870-4787-bcad-2eace0ef7dcd', 29, '2024-10-23', '5965 Kimberly Path Apt. 548, New Betty, MA 95291');
INSERT INTO orders (orderId, orderUUID, buyerId, date, location) VALUES (40, '83d0b90c-23e8-4ac9-8345-11a8d910a277', 5, '2025-02-21', '377 Peter Street Suite 950, Lake Yolandastad, ME 05297');
INSERT INTO orders (orderId, orderUUID, buyerId, date, location) VALUES (41, '8342ac94-e790-4003-be96-871ea8451957', 43, '2024-06-20', 'Unit 8292 Box 7545, DPO AA 65961');
INSERT INTO orders (orderId, orderUUID, buyerId, date, location) VALUES (42, '06c99f4e-f682-4465-8045-80201758a7c2', 39, '2024-09-17', '9677 Kenneth Stravenue, Port Katherine, FL 11022');
INSERT INTO orders (orderId, orderUUID, buyerId, date, location) VALUES (43, '0fa65b75-9e64-457d-a8ee-424c7b191bce', 20, '2024-08-31', '7456 Adams Estates, West Michael, GU 46200');
INSERT INTO orders (orderId, orderUUID, buyerId, date, location) VALUES (44, '6ccabe27-87bc-410d-9899-5fe74fc245f2', 44, '2025-03-09', '58801 Johnson Divide, Melissaview, AL 62421');
INSERT INTO orders (orderId, orderUUID, buyerId, date, location) VALUES (45, 'a3d1b2c0-eedd-4cc9-b729-66d8aaa49888', 49, '2024-10-04', '930 Shawn Mills, Port Michael, ID 71654');
INSERT INTO orders (orderId, orderUUID, buyerId, date, location) VALUES (46, 'c955b525-aab4-4fd5-8af7-8a8a4a32e1ae', 3, '2024-06-17', '68031 Willis Locks, Jonesville, IA 14812');
INSERT INTO orders (orderId, orderUUID, buyerId, date, location) VALUES (47, '2b0ef4ab-b44b-4029-bae3-00818772d697', 36, '2025-02-15', 'Unit 0730 Box 0379, DPO AE 92077');
INSERT INTO orders (orderId, orderUUID, buyerId, date, location) VALUES (48, '2cfc8a7f-9ec2-4a4f-8002-9a79aed90587', 13, '2024-10-23', '27189 Vargas Views, Port Ethan, NY 41548');
INSERT INTO orders (orderId, orderUUID, buyerId, date, location) VALUES (49, 'b2c38108-a70c-4588-abfb-9673806be44c', 17, '2024-07-07', '129 Shelby Dale, Erinshire, KY 03709');
INSERT INTO orders (orderId, orderUUID, buyerId, date, location) VALUES (50, '921b4ee4-7609-49e2-8230-dfb2b4022d50', 13, '2024-05-25', '126 Michelle Roads Suite 069, New Wayneborough, NC 10066');
INSERT INTO orders (orderId, orderUUID, buyerId, date, location) VALUES (51, '95d2cb39-dd26-4111-873c-ef128cd615b2', 2, '2024-10-05', '59468 Goodwin River, South Karenmouth, AL 72688');
INSERT INTO orders (orderId, orderUUID, buyerId, date, location) VALUES (52, '87812158-2109-451b-b78e-9676ae567853', 3, '2024-08-27', '8182 Michael Ramp Suite 839, New Davidhaven, FL 76922');
INSERT INTO orders (orderId, orderUUID, buyerId, date, location) VALUES (53, 'db2e82d0-1379-4684-8bd0-df08a12ae32f', 35, '2025-02-17', '95624 Benjamin Curve Suite 246, West Jaredfurt, FL 07644');
INSERT INTO orders (orderId, orderUUID, buyerId, date, location) VALUES (54, '55087598-af76-4a0c-b593-33bd883765f4', 6, '2025-01-12', 'PSC 8040, Box 6026, APO AE 72965');
INSERT INTO orders (orderId, orderUUID, buyerId, date, location) VALUES (55, 'b6c203a7-24c8-4470-99f2-4cc47302ba69', 20, '2024-09-12', '0989 Paul Junction Apt. 122, Reneebury, GU 94428');
INSERT INTO orders (orderId, orderUUID, buyerId, date, location) VALUES (56, '1e0c1be7-b0a7-42d0-bba1-92109f549008', 47, '2025-04-29', 'USNS Arnold, FPO AA 90840');
INSERT INTO orders (orderId, orderUUID, buyerId, date, location) VALUES (57, 'cb2870d2-8116-4f49-899b-36c401ae49ae', 42, '2025-02-19', '3483 Tina Inlet, New Karen, OH 16947');
INSERT INTO orders (orderId, orderUUID, buyerId, date, location) VALUES (58, 'd7659803-e6f5-4135-aafb-69eeb8c3b40a', 17, '2025-03-16', '43582 Webb Field, New Andrew, AL 04322');
INSERT INTO orders (orderId, orderUUID, buyerId, date, location) VALUES (59, 'ac41cc65-b45d-4d8b-9d7e-8388f3beb8c5', 1, '2024-06-20', '301 Angel Mission, South William, OH 14275');
INSERT INTO orders (orderId, orderUUID, buyerId, date, location) VALUES (60, 'c15e3dd0-7ac5-4be2-b9bb-4983d6f23bc7', 13, '2025-04-29', 'PSC 0621, Box 8003, APO AE 08396');
INSERT INTO orders (orderId, orderUUID, buyerId, date, location) VALUES (61, 'c2a0617f-c11a-4911-b0c0-faf81291880a', 7, '2024-09-25', '955 Gutierrez Cliffs Suite 693, Garrisonhaven, OK 46142');
INSERT INTO orders (orderId, orderUUID, buyerId, date, location) VALUES (62, '0349a080-2001-4c72-8139-99a78ebd0855', 41, '2024-12-19', '109 Trujillo Mountains, Leeport, AL 23878');
INSERT INTO orders (orderId, orderUUID, buyerId, date, location) VALUES (63, '1d62b79e-f96e-4ccd-8ad8-9b7a0f5486aa', 13, '2024-11-21', '88743 Christopher Trafficway Suite 699, Jennifermouth, MT 73866');
INSERT INTO orders (orderId, orderUUID, buyerId, date, location) VALUES (64, '55221da9-3b4c-4109-8a4f-dcac48bc3211', 7, '2024-09-19', '43377 Ryan Coves Apt. 828, Elizabethhaven, KS 92346');
INSERT INTO orders (orderId, orderUUID, buyerId, date, location) VALUES (65, '19b023bd-a49b-4839-9c95-87d1cf27157f', 13, '2025-01-11', 'USNS Reed, FPO AA 00722');
INSERT INTO orders (orderId, orderUUID, buyerId, date, location) VALUES (66, '9c158127-4737-4b70-9429-0fe451d68b13', 47, '2025-05-04', 'USS Cooper, FPO AP 42648');
INSERT INTO orders (orderId, orderUUID, buyerId, date, location) VALUES (67, '68b935aa-6b58-4eb0-b589-f601cc3a0418', 26, '2024-07-01', '5894 Gina Track Suite 157, Lake Emily, ID 95855');
INSERT INTO orders (orderId, orderUUID, buyerId, date, location) VALUES (68, 'c0fcaa6d-f495-4336-bb93-512d021bad61', 16, '2024-05-23', '040 Clark Fords, Rodriguezview, ID 82199');
INSERT INTO orders (orderId, orderUUID, buyerId, date, location) VALUES (69, 'b25404f8-76af-4b05-aee3-4286937d1b51', 32, '2025-04-17', '8288 Randy Stravenue Apt. 509, Lake Sarah, AZ 83955');
INSERT INTO orders (orderId, orderUUID, buyerId, date, location) VALUES (70, 'e1964234-020e-439a-9132-02237fc9ac56', 29, '2025-02-05', '1010 Theresa Trafficway Suite 954, Port Jason, WV 71339');
INSERT INTO orderItems (orderItemsId, orderId, inventoryItemId, quantity) VALUES (1, 25, 131, 3);
INSERT INTO orderItems (orderItemsId, orderId, inventoryItemId, quantity) VALUES (2, 21, 193, 5);
INSERT INTO orderItems (orderItemsId, orderId, inventoryItemId, quantity) VALUES (3, 5, 65, 2);
INSERT INTO orderItems (orderItemsId, orderId, inventoryItemId, quantity) VALUES (4, 65, 172, 3);
INSERT INTO orderItems (orderItemsId, orderId, inventoryItemId, quantity) VALUES (5, 22, 137, 1);
INSERT INTO orderItems (orderItemsId, orderId, inventoryItemId, quantity) VALUES (6, 5, 8, 5);
INSERT INTO orderItems (orderItemsId, orderId, inventoryItemId, quantity) VALUES (7, 15, 118, 4);
INSERT INTO orderItems (orderItemsId, orderId, inventoryItemId, quantity) VALUES (8, 60, 3, 4);
INSERT INTO orderItems (orderItemsId, orderId, inventoryItemId, quantity) VALUES (9, 9, 90, 5);
INSERT INTO orderItems (orderItemsId, orderId, inventoryItemId, quantity) VALUES (10, 28, 87, 2);
INSERT INTO orderItems (orderItemsId, orderId, inventoryItemId, quantity) VALUES (11, 65, 54, 3);
INSERT INTO orderItems (orderItemsId, orderId, inventoryItemId, quantity) VALUES (12, 22, 93, 1);
INSERT INTO orderItems (orderItemsId, orderId, inventoryItemId, quantity) VALUES (13, 27, 73, 3);
INSERT INTO orderItems (orderItemsId, orderId, inventoryItemId, quantity) VALUES (14, 68, 86, 5);
INSERT INTO orderItems (orderItemsId, orderId, inventoryItemId, quantity) VALUES (15, 46, 66, 5);
INSERT INTO orderItems (orderItemsId, orderId, inventoryItemId, quantity) VALUES (16, 35, 58, 3);
INSERT INTO orderItems (orderItemsId, orderId, inventoryItemId, quantity) VALUES (17, 38, 119, 5);
INSERT INTO orderItems (orderItemsId, orderId, inventoryItemId, quantity) VALUES (18, 61, 21, 5);
INSERT INTO orderItems (orderItemsId, orderId, inventoryItemId, quantity) VALUES (19, 15, 178, 2);
INSERT INTO orderItems (orderItemsId, orderId, inventoryItemId, quantity) VALUES (20, 35, 74, 2);
INSERT INTO orderItems (orderItemsId, orderId, inventoryItemId, quantity) VALUES (21, 28, 55, 3);
INSERT INTO orderItems (orderItemsId, orderId, inventoryItemId, quantity) VALUES (22, 20, 103, 3);
INSERT INTO orderItems (orderItemsId, orderId, inventoryItemId, quantity) VALUES (23, 43, 178, 2);
INSERT INTO orderItems (orderItemsId, orderId, inventoryItemId, quantity) VALUES (24, 58, 19, 3);
INSERT INTO orderItems (orderItemsId, orderId, inventoryItemId, quantity) VALUES (25, 29, 75, 3);
INSERT INTO orderItems (orderItemsId, orderId, inventoryItemId, quantity) VALUES (26, 10, 15, 1);
INSERT INTO orderItems (orderItemsId, orderId, inventoryItemId, quantity) VALUES (27, 43, 26, 5);
INSERT INTO orderItems (orderItemsId, orderId, inventoryItemId, quantity) VALUES (28, 49, 121, 3);
INSERT INTO orderItems (orderItemsId, orderId, inventoryItemId, quantity) VALUES (29, 1, 135, 1);
INSERT INTO orderItems (orderItemsId, orderId, inventoryItemId, quantity) VALUES (30, 67, 165, 4);
INSERT INTO orderItems (orderItemsId, orderId, inventoryItemId, quantity) VALUES (31, 59, 141, 4);
INSERT INTO orderItems (orderItemsId, orderId, inventoryItemId, quantity) VALUES (32, 54, 84, 2);
INSERT INTO orderItems (orderItemsId, orderId, inventoryItemId, quantity) VALUES (33, 22, 16, 1);
INSERT INTO orderItems (orderItemsId, orderId, inventoryItemId, quantity) VALUES (34, 9, 97, 4);
INSERT INTO orderItems (orderItemsId, orderId, inventoryItemId, quantity) VALUES (35, 49, 53, 4);
INSERT INTO orderItems (orderItemsId, orderId, inventoryItemId, quantity) VALUES (36, 63, 99, 2);
INSERT INTO orderItems (orderItemsId, orderId, inventoryItemId, quantity) VALUES (37, 25, 37, 1);
INSERT INTO orderItems (orderItemsId, orderId, inventoryItemId, quantity) VALUES (38, 47, 139, 5);
INSERT INTO orderItems (orderItemsId, orderId, inventoryItemId, quantity) VALUES (39, 47, 40, 2);
INSERT INTO orderItems (orderItemsId, orderId, inventoryItemId, quantity) VALUES (40, 3, 152, 4);
INSERT INTO orderItems (orderItemsId, orderId, inventoryItemId, quantity) VALUES (41, 1, 172, 3);
INSERT INTO orderItems (orderItemsId, orderId, inventoryItemId, quantity) VALUES (42, 33, 119, 1);
INSERT INTO orderItems (orderItemsId, orderId, inventoryItemId, quantity) VALUES (43, 59, 60, 4);
INSERT INTO orderItems (orderItemsId, orderId, inventoryItemId, quantity) VALUES (44, 53, 101, 3);
INSERT INTO orderItems (orderItemsId, orderId, inventoryItemId, quantity) VALUES (45, 53, 174, 5);
INSERT INTO orderItems (orderItemsId, orderId, inventoryItemId, quantity) VALUES (46, 43, 64, 5);
INSERT INTO orderItems (orderItemsId, orderId, inventoryItemId, quantity) VALUES (47, 65, 47, 5);
INSERT INTO orderItems (orderItemsId, orderId, inventoryItemId, quantity) VALUES (48, 41, 47, 3);
INSERT INTO orderItems (orderItemsId, orderId, inventoryItemId, quantity) VALUES (49, 31, 79, 4);
INSERT INTO orderItems (orderItemsId, orderId, inventoryItemId, quantity) VALUES (50, 55, 158, 1);
INSERT INTO orderItems (orderItemsId, orderId, inventoryItemId, quantity) VALUES (51, 23, 131, 5);
INSERT INTO orderItems (orderItemsId, orderId, inventoryItemId, quantity) VALUES (52, 30, 192, 1);
INSERT INTO orderItems (orderItemsId, orderId, inventoryItemId, quantity) VALUES (53, 40, 109, 5);
INSERT INTO orderItems (orderItemsId, orderId, inventoryItemId, quantity) VALUES (54, 43, 106, 2);
INSERT INTO orderItems (orderItemsId, orderId, inventoryItemId, quantity) VALUES (55, 67, 72, 4);
INSERT INTO orderItems (orderItemsId, orderId, inventoryItemId, quantity) VALUES (56, 58, 140, 3);
INSERT INTO orderItems (orderItemsId, orderId, inventoryItemId, quantity) VALUES (57, 61, 144, 2);
INSERT INTO orderItems (orderItemsId, orderId, inventoryItemId, quantity) VALUES (58, 67, 93, 5);
INSERT INTO orderItems (orderItemsId, orderId, inventoryItemId, quantity) VALUES (59, 13, 137, 1);
INSERT INTO orderItems (orderItemsId, orderId, inventoryItemId, quantity) VALUES (60, 70, 51, 2);
INSERT INTO orderItems (orderItemsId, orderId, inventoryItemId, quantity) VALUES (61, 21, 93, 1);
INSERT INTO orderItems (orderItemsId, orderId, inventoryItemId, quantity) VALUES (62, 30, 66, 2);
INSERT INTO orderItems (orderItemsId, orderId, inventoryItemId, quantity) VALUES (63, 20, 77, 5);
INSERT INTO orderItems (orderItemsId, orderId, inventoryItemId, quantity) VALUES (64, 54, 177, 4);
INSERT INTO orderItems (orderItemsId, orderId, inventoryItemId, quantity) VALUES (65, 10, 43, 3);
INSERT INTO orderItems (orderItemsId, orderId, inventoryItemId, quantity) VALUES (66, 16, 91, 2);
INSERT INTO orderItems (orderItemsId, orderId, inventoryItemId, quantity) VALUES (67, 17, 164, 4);
INSERT INTO orderItems (orderItemsId, orderId, inventoryItemId, quantity) VALUES (68, 22, 68, 5);
INSERT INTO orderItems (orderItemsId, orderId, inventoryItemId, quantity) VALUES (69, 54, 185, 1);
INSERT INTO orderItems (orderItemsId, orderId, inventoryItemId, quantity) VALUES (70, 60, 87, 4);
INSERT INTO orderItems (orderItemsId, orderId, inventoryItemId, quantity) VALUES (71, 68, 200, 4);
INSERT INTO orderItems (orderItemsId, orderId, inventoryItemId, quantity) VALUES (72, 19, 84, 2);
INSERT INTO orderItems (orderItemsId, orderId, inventoryItemId, quantity) VALUES (73, 57, 65, 4);
INSERT INTO orderItems (orderItemsId, orderId, inventoryItemId, quantity) VALUES (74, 5, 107, 1);
INSERT INTO orderItems (orderItemsId, orderId, inventoryItemId, quantity) VALUES (75, 32, 169, 4);
INSERT INTO orderItems (orderItemsId, orderId, inventoryItemId, quantity) VALUES (76, 7, 108, 5);
INSERT INTO orderItems (orderItemsId, orderId, inventoryItemId, quantity) VALUES (77, 29, 130, 3);
INSERT INTO orderItems (orderItemsId, orderId, inventoryItemId, quantity) VALUES (78, 57, 187, 4);
INSERT INTO orderItems (orderItemsId, orderId, inventoryItemId, quantity) VALUES (79, 7, 64, 4);
INSERT INTO orderItems (orderItemsId, orderId, inventoryItemId, quantity) VALUES (80, 2, 44, 2);
INSERT INTO orderItems (orderItemsId, orderId, inventoryItemId, quantity) VALUES (81, 44, 97, 3);
INSERT INTO orderItems (orderItemsId, orderId, inventoryItemId, quantity) VALUES (82, 26, 21, 1);
INSERT INTO orderItems (orderItemsId, orderId, inventoryItemId, quantity) VALUES (83, 38, 10, 3);
INSERT INTO orderItems (orderItemsId, orderId, inventoryItemId, quantity) VALUES (84, 15, 138, 1);
INSERT INTO orderItems (orderItemsId, orderId, inventoryItemId, quantity) VALUES (85, 35, 166, 2);
INSERT INTO orderItems (orderItemsId, orderId, inventoryItemId, quantity) VALUES (86, 42, 193, 4);
INSERT INTO orderItems (orderItemsId, orderId, inventoryItemId, quantity) VALUES (87, 44, 73, 2);
INSERT INTO orderItems (orderItemsId, orderId, inventoryItemId, quantity) VALUES (88, 11, 122, 1);
INSERT INTO orderItems (orderItemsId, orderId, inventoryItemId, quantity) VALUES (89, 26, 69, 4);
INSERT INTO orderItems (orderItemsId, orderId, inventoryItemId, quantity) VALUES (90, 51, 124, 1);
INSERT INTO orderItems (orderItemsId, orderId, inventoryItemId, quantity) VALUES (91, 5, 12, 1);
INSERT INTO orderItems (orderItemsId, orderId, inventoryItemId, quantity) VALUES (92, 31, 154, 3);
INSERT INTO orderItems (orderItemsId, orderId, inventoryItemId, quantity) VALUES (93, 12, 200, 3);
INSERT INTO orderItems (orderItemsId, orderId, inventoryItemId, quantity) VALUES (94, 11, 162, 1);
INSERT INTO orderItems (orderItemsId, orderId, inventoryItemId, quantity) VALUES (95, 5, 102, 2);
INSERT INTO orderItems (orderItemsId, orderId, inventoryItemId, quantity) VALUES (96, 15, 115, 5);
INSERT INTO orderItems (orderItemsId, orderId, inventoryItemId, quantity) VALUES (97, 16, 176, 5);
INSERT INTO orderItems (orderItemsId, orderId, inventoryItemId, quantity) VALUES (98, 56, 2, 2);
INSERT INTO orderItems (orderItemsId, orderId, inventoryItemId, quantity) VALUES (99, 55, 145, 2);
INSERT INTO orderItems (orderItemsId, orderId, inventoryItemId, quantity) VALUES (100, 39, 27, 3);
INSERT INTO orderItems (orderItemsId, orderId, inventoryItemId, quantity) VALUES (101, 27, 179, 1);
INSERT INTO orderItems (orderItemsId, orderId, inventoryItemId, quantity) VALUES (102, 34, 130, 4);
INSERT INTO orderItems (orderItemsId, orderId, inventoryItemId, quantity) VALUES (103, 70, 109, 2);
INSERT INTO orderItems (orderItemsId, orderId, inventoryItemId, quantity) VALUES (104, 16, 53, 1);
INSERT INTO orderItems (orderItemsId, orderId, inventoryItemId, quantity) VALUES (105, 26, 9, 5);
INSERT INTO orderItems (orderItemsId, orderId, inventoryItemId, quantity) VALUES (106, 23, 82, 3);
INSERT INTO orderItems (orderItemsId, orderId, inventoryItemId, quantity) VALUES (107, 13, 131, 5);
INSERT INTO orderItems (orderItemsId, orderId, inventoryItemId, quantity) VALUES (108, 22, 29, 2);
INSERT INTO orderItems (orderItemsId, orderId, inventoryItemId, quantity) VALUES (109, 42, 153, 1);
INSERT INTO orderItems (orderItemsId, orderId, inventoryItemId, quantity) VALUES (110, 60, 12, 3);
INSERT INTO orderItems (orderItemsId, orderId, inventoryItemId, quantity) VALUES (111, 64, 1, 1);
INSERT INTO orderItems (orderItemsId, orderId, inventoryItemId, quantity) VALUES (112, 39, 93, 4);
INSERT INTO orderItems (orderItemsId, orderId, inventoryItemId, quantity) VALUES (113, 47, 172, 5);
INSERT INTO orderItems (orderItemsId, orderId, inventoryItemId, quantity) VALUES (114, 54, 194, 3);
INSERT INTO orderItems (orderItemsId, orderId, inventoryItemId, quantity) VALUES (115, 23, 181, 1);
INSERT INTO orderItems (orderItemsId, orderId, inventoryItemId, quantity) VALUES (116, 5, 174, 5);
INSERT INTO orderItems (orderItemsId, orderId, inventoryItemId, quantity) VALUES (117, 23, 41, 2);
INSERT INTO orderItems (orderItemsId, orderId, inventoryItemId, quantity) VALUES (118, 1, 38, 3);
INSERT INTO orderItems (orderItemsId, orderId, inventoryItemId, quantity) VALUES (119, 50, 29, 2);
INSERT INTO orderItems (orderItemsId, orderId, inventoryItemId, quantity) VALUES (120, 13, 165, 3);
INSERT INTO orderItems (orderItemsId, orderId, inventoryItemId, quantity) VALUES (121, 46, 48, 4);
INSERT INTO orderItems (orderItemsId, orderId, inventoryItemId, quantity) VALUES (122, 45, 105, 4);
INSERT INTO orderItems (orderItemsId, orderId, inventoryItemId, quantity) VALUES (123, 4, 161, 1);
INSERT INTO orderItems (orderItemsId, orderId, inventoryItemId, quantity) VALUES (124, 40, 12, 5);
INSERT INTO orderItems (orderItemsId, orderId, inventoryItemId, quantity) VALUES (125, 3, 92, 2);
INSERT INTO orderItems (orderItemsId, orderId, inventoryItemId, quantity) VALUES (126, 60, 126, 4);
INSERT INTO orderItems (orderItemsId, orderId, inventoryItemId, quantity) VALUES (127, 15, 147, 1);
INSERT INTO orderItems (orderItemsId, orderId, inventoryItemId, quantity) VALUES (128, 31, 133, 3);
INSERT INTO orderItems (orderItemsId, orderId, inventoryItemId, quantity) VALUES (129, 8, 46, 5);
INSERT INTO orderItems (orderItemsId, orderId, inventoryItemId, quantity) VALUES (130, 34, 145, 5);
INSERT INTO orderItems (orderItemsId, orderId, inventoryItemId, quantity) VALUES (131, 6, 74, 4);
INSERT INTO orderItems (orderItemsId, orderId, inventoryItemId, quantity) VALUES (132, 3, 156, 5);
INSERT INTO orderItems (orderItemsId, orderId, inventoryItemId, quantity) VALUES (133, 19, 70, 3);
INSERT INTO orderItems (orderItemsId, orderId, inventoryItemId, quantity) VALUES (134, 7, 30, 5);
INSERT INTO orderItems (orderItemsId, orderId, inventoryItemId, quantity) VALUES (135, 2, 120, 3);
INSERT INTO orderItems (orderItemsId, orderId, inventoryItemId, quantity) VALUES (136, 34, 28, 2);
INSERT INTO orderItems (orderItemsId, orderId, inventoryItemId, quantity) VALUES (137, 13, 141, 1);
INSERT INTO orderItems (orderItemsId, orderId, inventoryItemId, quantity) VALUES (138, 23, 39, 5);
INSERT INTO orderItems (orderItemsId, orderId, inventoryItemId, quantity) VALUES (139, 54, 66, 2);
INSERT INTO orderItems (orderItemsId, orderId, inventoryItemId, quantity) VALUES (140, 52, 51, 1);
INSERT INTO orderItems (orderItemsId, orderId, inventoryItemId, quantity) VALUES (141, 62, 5, 3);
INSERT INTO orderItems (orderItemsId, orderId, inventoryItemId, quantity) VALUES (142, 3, 63, 1);
INSERT INTO orderItems (orderItemsId, orderId, inventoryItemId, quantity) VALUES (143, 67, 16, 1);
INSERT INTO orderItems (orderItemsId, orderId, inventoryItemId, quantity) VALUES (144, 5, 90, 4);
INSERT INTO orderItems (orderItemsId, orderId, inventoryItemId, quantity) VALUES (145, 41, 89, 4);
INSERT INTO orderItems (orderItemsId, orderId, inventoryItemId, quantity) VALUES (146, 36, 112, 4);
INSERT INTO orderItems (orderItemsId, orderId, inventoryItemId, quantity) VALUES (147, 56, 169, 4);
INSERT INTO orderItems (orderItemsId, orderId, inventoryItemId, quantity) VALUES (148, 2, 100, 1);
INSERT INTO orderItems (orderItemsId, orderId, inventoryItemId, quantity) VALUES (149, 31, 137, 5);
INSERT INTO orderItems (orderItemsId, orderId, inventoryItemId, quantity) VALUES (150, 3, 159, 3);
INSERT INTO orderItems (orderItemsId, orderId, inventoryItemId, quantity) VALUES (151, 55, 143, 4);
INSERT INTO orderItems (orderItemsId, orderId, inventoryItemId, quantity) VALUES (152, 5, 8, 5);
INSERT INTO orderItems (orderItemsId, orderId, inventoryItemId, quantity) VALUES (153, 41, 81, 5);
INSERT INTO orderItems (orderItemsId, orderId, inventoryItemId, quantity) VALUES (154, 50, 105, 2);
INSERT INTO orderItems (orderItemsId, orderId, inventoryItemId, quantity) VALUES (155, 13, 76, 1);
INSERT INTO orderItems (orderItemsId, orderId, inventoryItemId, quantity) VALUES (156, 54, 180, 5);
INSERT INTO orderItems (orderItemsId, orderId, inventoryItemId, quantity) VALUES (157, 7, 154, 5);
INSERT INTO orderItems (orderItemsId, orderId, inventoryItemId, quantity) VALUES (158, 58, 40, 4);
INSERT INTO orderItems (orderItemsId, orderId, inventoryItemId, quantity) VALUES (159, 38, 68, 4);
INSERT INTO orderItems (orderItemsId, orderId, inventoryItemId, quantity) VALUES (160, 3, 132, 4);
INSERT INTO orderItems (orderItemsId, orderId, inventoryItemId, quantity) VALUES (161, 7, 164, 4);
INSERT INTO orderItems (orderItemsId, orderId, inventoryItemId, quantity) VALUES (162, 46, 11, 1);
INSERT INTO orderItems (orderItemsId, orderId, inventoryItemId, quantity) VALUES (163, 40, 179, 4);
INSERT INTO orderItems (orderItemsId, orderId, inventoryItemId, quantity) VALUES (164, 1, 76, 1);
INSERT INTO orderItems (orderItemsId, orderId, inventoryItemId, quantity) VALUES (165, 69, 185, 2);
INSERT INTO orderItems (orderItemsId, orderId, inventoryItemId, quantity) VALUES (166, 70, 18, 4);
INSERT INTO orderItems (orderItemsId, orderId, inventoryItemId, quantity) VALUES (167, 35, 126, 4);
INSERT INTO orderItems (orderItemsId, orderId, inventoryItemId, quantity) VALUES (168, 3, 99, 5);
INSERT INTO orderItems (orderItemsId, orderId, inventoryItemId, quantity) VALUES (169, 50, 67, 2);
INSERT INTO orderItems (orderItemsId, orderId, inventoryItemId, quantity) VALUES (170, 44, 107, 3);
INSERT INTO orderItems (orderItemsId, orderId, inventoryItemId, quantity) VALUES (171, 21, 156, 1);
INSERT INTO orderItems (orderItemsId, orderId, inventoryItemId, quantity) VALUES (172, 36, 98, 5);
INSERT INTO orderItems (orderItemsId, orderId, inventoryItemId, quantity) VALUES (173, 6, 27, 4);
INSERT INTO orderItems (orderItemsId, orderId, inventoryItemId, quantity) VALUES (174, 19, 149, 2);
INSERT INTO orderItems (orderItemsId, orderId, inventoryItemId, quantity) VALUES (175, 32, 108, 1);
INSERT INTO orderItems (orderItemsId, orderId, inventoryItemId, quantity) VALUES (176, 39, 106, 2);
INSERT INTO orderItems (orderItemsId, orderId, inventoryItemId, quantity) VALUES (177, 65, 174, 5);
INSERT INTO orderItems (orderItemsId, orderId, inventoryItemId, quantity) VALUES (178, 49, 163, 4);
INSERT INTO orderItems (orderItemsId, orderId, inventoryItemId, quantity) VALUES (179, 23, 90, 4);
INSERT INTO orderItems (orderItemsId, orderId, inventoryItemId, quantity) VALUES (180, 22, 138, 4);
INSERT INTO orderItems (orderItemsId, orderId, inventoryItemId, quantity) VALUES (181, 14, 101, 4);
INSERT INTO orderItems (orderItemsId, orderId, inventoryItemId, quantity) VALUES (182, 30, 38, 2);
INSERT INTO orderItems (orderItemsId, orderId, inventoryItemId, quantity) VALUES (183, 7, 57, 1);
INSERT INTO orderItems (orderItemsId, orderId, inventoryItemId, quantity) VALUES (184, 2, 27, 4);
INSERT INTO orderItems (orderItemsId, orderId, inventoryItemId, quantity) VALUES (185, 5, 43, 3);
INSERT INTO orderItems (orderItemsId, orderId, inventoryItemId, quantity) VALUES (186, 32, 120, 1);
INSERT INTO orderItems (orderItemsId, orderId, inventoryItemId, quantity) VALUES (187, 59, 162, 4);
INSERT INTO orderItems (orderItemsId, orderId, inventoryItemId, quantity) VALUES (188, 48, 136, 3);
INSERT INTO orderItems (orderItemsId, orderId, inventoryItemId, quantity) VALUES (189, 62, 191, 5);
INSERT INTO orderItems (orderItemsId, orderId, inventoryItemId, quantity) VALUES (190, 65, 50, 5);
INSERT INTO orderItems (orderItemsId, orderId, inventoryItemId, quantity) VALUES (191, 56, 76, 2);
INSERT INTO orderItems (orderItemsId, orderId, inventoryItemId, quantity) VALUES (192, 25, 116, 2);
INSERT INTO orderItems (orderItemsId, orderId, inventoryItemId, quantity) VALUES (193, 57, 158, 4);
INSERT INTO orderItems (orderItemsId, orderId, inventoryItemId, quantity) VALUES (194, 18, 9, 5);
INSERT INTO orderItems (orderItemsId, orderId, inventoryItemId, quantity) VALUES (195, 7, 140, 3);
INSERT INTO orderItems (orderItemsId, orderId, inventoryItemId, quantity) VALUES (196, 28, 158, 3);
INSERT INTO orderItems (orderItemsId, orderId, inventoryItemId, quantity) VALUES (197, 54, 128, 2);
INSERT INTO orderItems (orderItemsId, orderId, inventoryItemId, quantity) VALUES (198, 45, 180, 2);
INSERT INTO orderItems (orderItemsId, orderId, inventoryItemId, quantity) VALUES (199, 65, 88, 2);
INSERT INTO orderItems (orderItemsId, orderId, inventoryItemId, quantity) VALUES (200, 6, 144, 1);
INSERT INTO orderItems (orderItemsId, orderId, inventoryItemId, quantity) VALUES (201, 33, 114, 1);
INSERT INTO orderItems (orderItemsId, orderId, inventoryItemId, quantity) VALUES (202, 65, 15, 4);
INSERT INTO orderItems (orderItemsId, orderId, inventoryItemId, quantity) VALUES (203, 38, 67, 1);
INSERT INTO orderItems (orderItemsId, orderId, inventoryItemId, quantity) VALUES (204, 8, 79, 1);
INSERT INTO orderItems (orderItemsId, orderId, inventoryItemId, quantity) VALUES (205, 12, 88, 3);
INSERT INTO orderItems (orderItemsId, orderId, inventoryItemId, quantity) VALUES (206, 65, 7, 1);
INSERT INTO orderItems (orderItemsId, orderId, inventoryItemId, quantity) VALUES (207, 13, 44, 2);
INSERT INTO orderItems (orderItemsId, orderId, inventoryItemId, quantity) VALUES (208, 67, 151, 4);
INSERT INTO orderItems (orderItemsId, orderId, inventoryItemId, quantity) VALUES (209, 51, 160, 4);
INSERT INTO orderItems (orderItemsId, orderId, inventoryItemId, quantity) VALUES (210, 31, 18, 3);
INSERT INTO orderItems (orderItemsId, orderId, inventoryItemId, quantity) VALUES (211, 34, 37, 4);
INSERT INTO orderItems (orderItemsId, orderId, inventoryItemId, quantity) VALUES (212, 56, 5, 3);
INSERT INTO orderItems (orderItemsId, orderId, inventoryItemId, quantity) VALUES (213, 43, 186, 3);
INSERT INTO orderItems (orderItemsId, orderId, inventoryItemId, quantity) VALUES (214, 64, 182, 5);
INSERT INTO orderItems (orderItemsId, orderId, inventoryItemId, quantity) VALUES (215, 32, 167, 2);
INSERT INTO orderItems (orderItemsId, orderId, inventoryItemId, quantity) VALUES (216, 6, 108, 3);
INSERT INTO orderItems (orderItemsId, orderId, inventoryItemId, quantity) VALUES (217, 14, 58, 5);
INSERT INTO orderItems (orderItemsId, orderId, inventoryItemId, quantity) VALUES (218, 32, 15, 5);
INSERT INTO orderItems (orderItemsId, orderId, inventoryItemId, quantity) VALUES (219, 54, 190, 3);
INSERT INTO orderItems (orderItemsId, orderId, inventoryItemId, quantity) VALUES (220, 63, 173, 2);
INSERT INTO orderItems (orderItemsId, orderId, inventoryItemId, quantity) VALUES (221, 14, 56, 4);
INSERT INTO orderItems (orderItemsId, orderId, inventoryItemId, quantity) VALUES (222, 37, 6, 1);
INSERT INTO orderItems (orderItemsId, orderId, inventoryItemId, quantity) VALUES (223, 67, 153, 3);
INSERT INTO orderItems (orderItemsId, orderId, inventoryItemId, quantity) VALUES (224, 7, 183, 5);
INSERT INTO orderItems (orderItemsId, orderId, inventoryItemId, quantity) VALUES (225, 43, 68, 2);
INSERT INTO orderItems (orderItemsId, orderId, inventoryItemId, quantity) VALUES (226, 39, 175, 2);
INSERT INTO orderItems (orderItemsId, orderId, inventoryItemId, quantity) VALUES (227, 58, 49, 2);
INSERT INTO orderItems (orderItemsId, orderId, inventoryItemId, quantity) VALUES (228, 41, 198, 4);
INSERT INTO orderItems (orderItemsId, orderId, inventoryItemId, quantity) VALUES (229, 41, 200, 1);
INSERT INTO orderItems (orderItemsId, orderId, inventoryItemId, quantity) VALUES (230, 31, 115, 4);
INSERT INTO orderItems (orderItemsId, orderId, inventoryItemId, quantity) VALUES (231, 14, 41, 3);
INSERT INTO orderItems (orderItemsId, orderId, inventoryItemId, quantity) VALUES (232, 10, 152, 2);
INSERT INTO orderItems (orderItemsId, orderId, inventoryItemId, quantity) VALUES (233, 16, 70, 4);
INSERT INTO orderItems (orderItemsId, orderId, inventoryItemId, quantity) VALUES (234, 51, 178, 4);
INSERT INTO orderItems (orderItemsId, orderId, inventoryItemId, quantity) VALUES (235, 42, 165, 3);
INSERT INTO orderItems (orderItemsId, orderId, inventoryItemId, quantity) VALUES (236, 54, 187, 4);
INSERT INTO orderItems (orderItemsId, orderId, inventoryItemId, quantity) VALUES (237, 2, 77, 2);
INSERT INTO orderItems (orderItemsId, orderId, inventoryItemId, quantity) VALUES (238, 70, 14, 3);
INSERT INTO orderItems (orderItemsId, orderId, inventoryItemId, quantity) VALUES (239, 14, 91, 4);
INSERT INTO orderItems (orderItemsId, orderId, inventoryItemId, quantity) VALUES (240, 29, 70, 1);
INSERT INTO orderItems (orderItemsId, orderId, inventoryItemId, quantity) VALUES (241, 6, 171, 5);
INSERT INTO orderItems (orderItemsId, orderId, inventoryItemId, quantity) VALUES (242, 50, 34, 5);
INSERT INTO orderItems (orderItemsId, orderId, inventoryItemId, quantity) VALUES (243, 28, 86, 5);
INSERT INTO orderItems (orderItemsId, orderId, inventoryItemId, quantity) VALUES (244, 1, 93, 1);
INSERT INTO orderItems (orderItemsId, orderId, inventoryItemId, quantity) VALUES (245, 30, 117, 3);
INSERT INTO orderItems (orderItemsId, orderId, inventoryItemId, quantity) VALUES (246, 10, 70, 2);
INSERT INTO orderItems (orderItemsId, orderId, inventoryItemId, quantity) VALUES (247, 29, 77, 1);
INSERT INTO orderItems (orderItemsId, orderId, inventoryItemId, quantity) VALUES (248, 16, 30, 1);
INSERT INTO orderItems (orderItemsId, orderId, inventoryItemId, quantity) VALUES (249, 67, 118, 2);
INSERT INTO orderItems (orderItemsId, orderId, inventoryItemId, quantity) VALUES (250, 38, 22, 1);
INSERT INTO orderItems (orderItemsId, orderId, inventoryItemId, quantity) VALUES (251, 56, 161, 5);
INSERT INTO orderItems (orderItemsId, orderId, inventoryItemId, quantity) VALUES (252, 5, 124, 3);
INSERT INTO orderItems (orderItemsId, orderId, inventoryItemId, quantity) VALUES (253, 38, 156, 5);
INSERT INTO orderItems (orderItemsId, orderId, inventoryItemId, quantity) VALUES (254, 41, 34, 4);
INSERT INTO orderItems (orderItemsId, orderId, inventoryItemId, quantity) VALUES (255, 12, 134, 3);
INSERT INTO orderItems (orderItemsId, orderId, inventoryItemId, quantity) VALUES (256, 42, 131, 5);
INSERT INTO orderItems (orderItemsId, orderId, inventoryItemId, quantity) VALUES (257, 63, 59, 5);
INSERT INTO orderItems (orderItemsId, orderId, inventoryItemId, quantity) VALUES (258, 48, 72, 1);
INSERT INTO orderItems (orderItemsId, orderId, inventoryItemId, quantity) VALUES (259, 9, 110, 3);
INSERT INTO orderItems (orderItemsId, orderId, inventoryItemId, quantity) VALUES (260, 18, 133, 3);
INSERT INTO orderItems (orderItemsId, orderId, inventoryItemId, quantity) VALUES (261, 46, 25, 2);
INSERT INTO orderItems (orderItemsId, orderId, inventoryItemId, quantity) VALUES (262, 65, 155, 4);
INSERT INTO orderItems (orderItemsId, orderId, inventoryItemId, quantity) VALUES (263, 17, 118, 5);
INSERT INTO orderItems (orderItemsId, orderId, inventoryItemId, quantity) VALUES (264, 15, 192, 3);
INSERT INTO orderItems (orderItemsId, orderId, inventoryItemId, quantity) VALUES (265, 10, 147, 1);
INSERT INTO orderItems (orderItemsId, orderId, inventoryItemId, quantity) VALUES (266, 64, 146, 4);
INSERT INTO orderItems (orderItemsId, orderId, inventoryItemId, quantity) VALUES (267, 55, 128, 2);
INSERT INTO orderItems (orderItemsId, orderId, inventoryItemId, quantity) VALUES (268, 59, 152, 5);
INSERT INTO orderItems (orderItemsId, orderId, inventoryItemId, quantity) VALUES (269, 19, 121, 1);
INSERT INTO orderItems (orderItemsId, orderId, inventoryItemId, quantity) VALUES (270, 68, 13, 1);
INSERT INTO orderItems (orderItemsId, orderId, inventoryItemId, quantity) VALUES (271, 69, 187, 3);
INSERT INTO orderItems (orderItemsId, orderId, inventoryItemId, quantity) VALUES (272, 42, 116, 2);
INSERT INTO orderItems (orderItemsId, orderId, inventoryItemId, quantity) VALUES (273, 55, 163, 2);
INSERT INTO orderItems (orderItemsId, orderId, inventoryItemId, quantity) VALUES (274, 29, 36, 3);
INSERT INTO orderItems (orderItemsId, orderId, inventoryItemId, quantity) VALUES (275, 64, 154, 3);
INSERT INTO orderItems (orderItemsId, orderId, inventoryItemId, quantity) VALUES (276, 66, 176, 2);
INSERT INTO orderItems (orderItemsId, orderId, inventoryItemId, quantity) VALUES (277, 58, 139, 2);
INSERT INTO orderItems (orderItemsId, orderId, inventoryItemId, quantity) VALUES (278, 56, 57, 1);
INSERT INTO orderItems (orderItemsId, orderId, inventoryItemId, quantity) VALUES (279, 27, 187, 3);
INSERT INTO orderItems (orderItemsId, orderId, inventoryItemId, quantity) VALUES (280, 1, 140, 2);
INSERT INTO orderItems (orderItemsId, orderId, inventoryItemId, quantity) VALUES (281, 22, 35, 1);
INSERT INTO orderItems (orderItemsId, orderId, inventoryItemId, quantity) VALUES (282, 35, 14, 1);
INSERT INTO orderItems (orderItemsId, orderId, inventoryItemId, quantity) VALUES (283, 20, 160, 3);
INSERT INTO orderItems (orderItemsId, orderId, inventoryItemId, quantity) VALUES (284, 61, 186, 4);
INSERT INTO orderItems (orderItemsId, orderId, inventoryItemId, quantity) VALUES (285, 18, 22, 5);
INSERT INTO orderItems (orderItemsId, orderId, inventoryItemId, quantity) VALUES (286, 32, 127, 2);
INSERT INTO orderItems (orderItemsId, orderId, inventoryItemId, quantity) VALUES (287, 10, 107, 3);
INSERT INTO orderItems (orderItemsId, orderId, inventoryItemId, quantity) VALUES (288, 51, 121, 5);
INSERT INTO orderItems (orderItemsId, orderId, inventoryItemId, quantity) VALUES (289, 6, 128, 2);
INSERT INTO orderItems (orderItemsId, orderId, inventoryItemId, quantity) VALUES (290, 45, 113, 2);
INSERT INTO orderItems (orderItemsId, orderId, inventoryItemId, quantity) VALUES (291, 7, 100, 2);
INSERT INTO orderItems (orderItemsId, orderId, inventoryItemId, quantity) VALUES (292, 56, 149, 5);
INSERT INTO orderItems (orderItemsId, orderId, inventoryItemId, quantity) VALUES (293, 28, 47, 1);
INSERT INTO orderItems (orderItemsId, orderId, inventoryItemId, quantity) VALUES (294, 67, 17, 5);
INSERT INTO orderItems (orderItemsId, orderId, inventoryItemId, quantity) VALUES (295, 50, 78, 1);
INSERT INTO orderItems (orderItemsId, orderId, inventoryItemId, quantity) VALUES (296, 54, 133, 2);
INSERT INTO orderItems (orderItemsId, orderId, inventoryItemId, quantity) VALUES (297, 58, 23, 2);
INSERT INTO orderItems (orderItemsId, orderId, inventoryItemId, quantity) VALUES (298, 7, 158, 2);
INSERT INTO orderItems (orderItemsId, orderId, inventoryItemId, quantity) VALUES (299, 65, 114, 4);
INSERT INTO orderItems (orderItemsId, orderId, inventoryItemId, quantity) VALUES (300, 18, 110, 5);
